-- MySQL dump 10.13  Distrib 5.7.17, for Win64 (x86_64)
--
-- Host: localhost    Database: riosbd
-- ------------------------------------------------------
-- Server version	5.7.19-log

/*!40101 SET @OLD_CHARACTER_SET_CLIENT=@@CHARACTER_SET_CLIENT */;
/*!40101 SET @OLD_CHARACTER_SET_RESULTS=@@CHARACTER_SET_RESULTS */;
/*!40101 SET @OLD_COLLATION_CONNECTION=@@COLLATION_CONNECTION */;
/*!40101 SET NAMES utf8 */;
/*!40103 SET @OLD_TIME_ZONE=@@TIME_ZONE */;
/*!40103 SET TIME_ZONE='+00:00' */;
/*!40014 SET @OLD_UNIQUE_CHECKS=@@UNIQUE_CHECKS, UNIQUE_CHECKS=0 */;
/*!40014 SET @OLD_FOREIGN_KEY_CHECKS=@@FOREIGN_KEY_CHECKS, FOREIGN_KEY_CHECKS=0 */;
/*!40101 SET @OLD_SQL_MODE=@@SQL_MODE, SQL_MODE='NO_AUTO_VALUE_ON_ZERO' */;
/*!40111 SET @OLD_SQL_NOTES=@@SQL_NOTES, SQL_NOTES=0 */;

--
-- Table structure for table `airlines`
--

DROP TABLE IF EXISTS `airlines`;
/*!40101 SET @saved_cs_client     = @@character_set_client */;
/*!40101 SET character_set_client = utf8 */;
CREATE TABLE `airlines` (
  `id` int(11) NOT NULL,
  `airline_name` varchar(45) NOT NULL,
  `airline_country` varchar(45) NOT NULL,
  PRIMARY KEY (`id`)
) ENGINE=InnoDB DEFAULT CHARSET=utf8;
/*!40101 SET character_set_client = @saved_cs_client */;

--
-- Dumping data for table `airlines`
--

LOCK TABLES `airlines` WRITE;
/*!40000 ALTER TABLE `airlines` DISABLE KEYS */;
/*!40000 ALTER TABLE `airlines` ENABLE KEYS */;
UNLOCK TABLES;

--
-- Table structure for table `airplanes`
--

DROP TABLE IF EXISTS `airplanes`;
/*!40101 SET @saved_cs_client     = @@character_set_client */;
/*!40101 SET character_set_client = utf8 */;
CREATE TABLE `airplanes` (
  `id` int(11) NOT NULL,
  `manufacturer` varchar(45) DEFAULT NULL,
  `model` varchar(45) DEFAULT NULL,
  `registration` varchar(45) DEFAULT NULL,
  `capacity` int(11) DEFAULT NULL,
  PRIMARY KEY (`id`),
  UNIQUE KEY `id_UNIQUE` (`id`)
) ENGINE=InnoDB DEFAULT CHARSET=utf8;
/*!40101 SET character_set_client = @saved_cs_client */;

--
-- Dumping data for table `airplanes`
--

LOCK TABLES `airplanes` WRITE;
/*!40000 ALTER TABLE `airplanes` DISABLE KEYS */;
/*!40000 ALTER TABLE `airplanes` ENABLE KEYS */;
UNLOCK TABLES;

--
-- Table structure for table `airports`
--

DROP TABLE IF EXISTS `airports`;
/*!40101 SET @saved_cs_client     = @@character_set_client */;
/*!40101 SET character_set_client = utf8 */;
CREATE TABLE `airports` (
  `id` int(11) NOT NULL AUTO_INCREMENT,
  `iata_code` varchar(45) DEFAULT NULL,
  `name` varchar(45) NOT NULL,
  `country_name` varchar(45) DEFAULT NULL,
  PRIMARY KEY (`id`),
  UNIQUE KEY `name` (`name`),
  UNIQUE KEY `iata_code_UNIQUE` (`iata_code`)
) ENGINE=InnoDB AUTO_INCREMENT=272 DEFAULT CHARSET=utf8;
/*!40101 SET character_set_client = @saved_cs_client */;

--
-- Dumping data for table `airports`
--

LOCK TABLES `airports` WRITE;
/*!40000 ALTER TABLE `airports` DISABLE KEYS */;
INSERT INTO `airports` VALUES (43,'CPH','Copenhagen',NULL),(44,'VNO','Vilnius',NULL),(45,'FCO','Rome Fiumicino',NULL),(46,'NCL','Newcastle',NULL),(47,'RMI','Rimini',NULL),(48,'KIR','Kerry',NULL),(49,'SJU','San Juan',NULL),(50,'TUF','Tours Loire Valley',NULL),(51,'VVI','Santa Cruz',NULL),(52,'EDI','Edinburgh',NULL),(53,'CCF','Carcassonne',NULL),(54,'FSC','Figari',NULL),(55,'BLL','Billund',NULL),(56,'RBA','Rabat',NULL),(57,'NAP','Naples',NULL),(58,'AMS','Amsterdam',NULL),(59,'RJK','Rijeka',NULL),(60,'DNR','Dinard',NULL),(61,'VDA','Eilat',NULL),(62,'MRS','Marseille',NULL),(63,'LBA','Leeds Bradford',NULL),(64,'BVE','Brive',NULL),(65,'GOT','Göteborg Landvetter',NULL),(66,'SZZ','Szczecin',NULL),(67,'TFS','Tenerife South',NULL),(68,'EFL','Kefalonia',NULL),(69,'MAH','Menorca',NULL),(70,'MMX','Malmo',NULL),(71,'VGO','Vigo',NULL),(72,'SXB','Strasbourg',NULL),(73,'ABZ','Aberdeen',NULL),(74,'SZY','Olsztyn - Mazury',NULL),(75,'CAG','Cagliari',NULL),(76,'AAL','Aalborg',NULL),(77,'OMR','Oradea',NULL),(78,'STR','Stuttgart',NULL),(79,'LIL','Lille',NULL),(80,'MUC','Munich',NULL),(81,'PUJ','Punta Cana',NULL),(82,'VAR','Varna',NULL),(83,'FAO','Faro',NULL),(84,'MJV','Murcia',NULL),(85,'NUE','Nuremberg',NULL),(86,'DLE','Dole',NULL),(87,'SUF','Lamezia',NULL),(88,'SAP','San Pedro Sula',NULL),(89,'SOF','Sofia',NULL),(90,'MST','Maastricht',NULL),(91,'ZAD','Zadar',NULL),(92,'LDE','Lourdes',NULL),(93,'SDQ','Santo Domingo',NULL),(94,'CFU','Corfu',NULL),(95,'AOI','Ancona',NULL),(96,'VCE','Venice M.Polo',NULL),(97,'BRQ','Brno',NULL),(98,'PDL','Ponta Delgada',NULL),(99,'TSF','Venice Treviso',NULL),(100,'FKB','Karlsruhe/Baden-Baden',NULL),(101,'TER','Terceira Lajes',NULL),(102,'BES','Brest',NULL),(103,'RDZ','Rodez',NULL),(104,'EZE','Buenos Aires',NULL),(105,'LUZ','Lublin',NULL),(106,'OTP','Bucharest',NULL),(107,'MAN','Manchester',NULL),(108,'BOG','Bogota',NULL),(109,'PMI','Mallorca',NULL),(110,'ASU','Asuncion',NULL),(111,'SZG','Salzburg',NULL),(112,'ORK','Cork',NULL),(113,'GRO','Barcelona Girona',NULL),(114,'VLC','Valencia',NULL),(115,'OPO','Porto',NULL),(116,'MXP','Milan Malpensa',NULL),(117,'RZE','Rzeszow',NULL),(118,'AGP','Malaga',NULL),(119,'PUY','Pula',NULL),(120,'CFE','Clermont',NULL),(121,'PMF','Parma',NULL),(122,'BLQ','Bologna',NULL),(123,'CTA','Catania',NULL),(124,'TLS','Toulouse',NULL),(125,'VXO','Växjö Småland',NULL),(126,'XCR','Paris Vatry',NULL),(127,'FEZ','Fez',NULL),(128,'GDN','Gdansk',NULL),(129,'POZ','Poznan',NULL),(130,'CUN','Cancun',NULL),(131,'AHO','Alghero',NULL),(132,'NRN','Dusseldorf Weeze',NULL),(133,'TRN','Turin',NULL),(134,'OUD','Oujda',NULL),(135,'EGC','Bergerac',NULL),(136,'GLA','Glasgow',NULL),(137,'TFN','Tenerife North',NULL),(138,'LEI','Almeria',NULL),(139,'BRI','Bari',NULL),(140,'BRU','Brussels',NULL),(141,'PEG','Perugia',NULL),(142,'VLL','Valladolid',NULL),(143,'WAW','Warsaw Chopin',NULL),(144,'LIS','Lisbon',NULL),(145,'LPL','Liverpool',NULL),(146,'LYS','Lyon',NULL),(147,'NQY','Newquay Cornwall',NULL),(148,'ZAZ','Zaragoza',NULL),(149,'MVD','Montevideo',NULL),(150,'REU','Barcelona Reus',NULL),(151,'BIQ','Biarritz',NULL),(152,'BOH','Bournemouth',NULL),(153,'TPS','Trapani',NULL),(154,'ACE','Lanzarote',NULL),(155,'STN','London Stansted',NULL),(156,'AGA','Agadir',NULL),(157,'BRE','Bremen',NULL),(158,'AAR','Aarhus',NULL),(159,'TRS','Trieste',NULL),(160,'IBZ','Ibiza',NULL),(161,'ATH','Athens',NULL),(162,'JTR','Santorini',NULL),(163,'TSR','Timisoara',NULL),(164,'EBU','St Etienne',NULL),(165,'PED','Pardubice',NULL),(166,'LUX','Luxembourg',NULL),(167,'TGD','Podgorica',NULL),(168,'SKG','Thessaloniki',NULL),(169,'NTE','Nantes',NULL),(170,'PFO','Paphos',NULL),(171,'LEJ','Leipzig',NULL),(172,'FRA','Frankfurt International',NULL),(173,'CIA','Rome Ciampino',NULL),(174,'SNN','Shannon',NULL),(175,'CRL','Brussels Charleroi',NULL),(176,'KUN','Kaunas',NULL),(177,'BRS','Bristol',NULL),(178,'BGY','Milan Bergamo',NULL),(179,'EIN','Eindhoven',NULL),(180,'LIG','Limoges',NULL),(181,'BHX','Birmingham',NULL),(182,'OSL','Oslo',NULL),(183,'LNZ','Linz',NULL),(184,'FUE','Fuerteventura',NULL),(185,'LRH','La Rochelle',NULL),(186,'BSL','Basel',NULL),(187,'ALC','Alicante',NULL),(188,'INI','Nis',NULL),(189,'KRK','Krakow',NULL),(190,'CGN','Cologne',NULL),(191,'BFS','Belfast International',NULL),(192,'XRY','Jerez',NULL),(193,'VIT','Vitoria (Basque Country)',NULL),(194,'TNG','Tangier',NULL),(195,'GOA','Genoa',NULL),(196,'SVQ','Seville',NULL),(197,'LRT','Lorient',NULL),(198,'NCE','Nice',NULL),(199,'BCN','Barcelona',NULL),(200,'MLA','Malta',NULL),(201,'LCA','Larnaca',NULL),(202,'TMP','Tampere',NULL),(203,'LIM','Lima',NULL),(204,'PIS','Poitiers',NULL),(205,'PSA','Pisa',NULL),(206,'HHN','Frankfurt Hahn',NULL),(207,'RHO','Rhodes',NULL),(208,'OSR','Ostrava',NULL),(209,'BOJ','Burgas',NULL),(210,'CCS','Caracas',NULL),(211,'VST','Stockholm Västerås',NULL),(212,'MIA','Miami',NULL),(213,'HAM','Hamburg',NULL),(214,'SXF','Berlin Schönefeld',NULL),(215,'NOC','Knock',NULL),(216,'HAV','Havana',NULL),(217,'JMK','Mykonos',NULL),(218,'MPL','Montpellier',NULL),(219,'BUD','Budapest',NULL),(220,'LTN','London Luton',NULL),(221,'LPA','Gran Canaria',NULL),(222,'BOD','Bordeaux',NULL),(223,'JFK','New York (JFK)',NULL),(224,'LCJ','Lodz',NULL),(225,'PLQ','Palanga',NULL),(226,'PSR','Pescara',NULL),(227,'WRO','Wroclaw',NULL),(228,'DOL','Deauville',NULL),(229,'PDV','Plovdiv',NULL),(230,'PGF','Perpignan',NULL),(231,'WMI','Warsaw Modlin',NULL),(232,'SSA','Salvador',NULL),(233,'FMM','Memmingen',NULL),(234,'NDR','Nador',NULL),(235,'PIK','Glasgow Prestwick',NULL),(236,'BVA','Paris Beauvais',NULL),(237,'KTW','Katowice',NULL),(238,'CIY','Comiso',NULL),(239,'NYO','Stockholm Skavsta',NULL),(240,'RIX','Riga',NULL),(241,'DTM','Dortmund',NULL),(242,'BDS','Brindisi',NULL),(243,'CWL','Cardiff',NULL),(244,'CUF','Cuneo',NULL),(245,'EMA','East Midlands',NULL),(246,'SCQ','Santiago',NULL),(247,'TRF','Oslo Torp',NULL),(248,'GNB','Grenoble',NULL),(249,'CHQ','Chania',NULL),(250,'LGW','London Gatwick',NULL),(251,'TLL','Tallinn',NULL),(252,'LPP','Lappeenranta',NULL),(253,'PRG','Prague',NULL),(254,'HAU','Haugesund',NULL),(255,'RAK','Marrakesh',NULL),(256,'MAD','Madrid',NULL),(257,'GYE','Guayaquil',NULL),(258,'LDY','Derry',NULL),(259,'CDT','Castellon (Valencia)',NULL),(260,'BTS','Bratislava',NULL),(261,'FNI','Nimes',NULL),(262,'BZG','Bydgoszcz',NULL),(263,'VRN','Verona',NULL),(264,'TLV','Tel Aviv',NULL),(265,'BZR','Beziers',NULL),(266,'GRU','Sao Paulo Guarulhos',NULL),(267,'PMO','Palermo',NULL),(268,'DUB','Dublin',NULL),(269,'SDR','Santander',NULL),(270,'CRA','Craiova',NULL),(271,'BOS','Boston',NULL);
/*!40000 ALTER TABLE `airports` ENABLE KEYS */;
UNLOCK TABLES;

--
-- Table structure for table `flights`
--

DROP TABLE IF EXISTS `flights`;
/*!40101 SET @saved_cs_client     = @@character_set_client */;
/*!40101 SET character_set_client = utf8 */;
CREATE TABLE `flights` (
  `id` int(11) NOT NULL AUTO_INCREMENT,
  `departure_airport_id` int(11) NOT NULL,
  `arrival_airport_id` int(11) NOT NULL,
  `departure_date` varchar(45) NOT NULL,
  `arrival_date` varchar(45) NOT NULL,
  `price_value` double NOT NULL,
  `price_code` varchar(45) CHARACTER SET big5 NOT NULL,
  `airline_id` int(11) NOT NULL,
  `airplane_id` int(11) NOT NULL,
  PRIMARY KEY (`id`),
  KEY `arrival_airport_id+fk_idx` (`arrival_airport_id`),
  KEY `departure_airport_id_fk_idx` (`departure_airport_id`),
  KEY `airline_id_fk_idx` (`airline_id`),
  KEY `airplane_id_fk_idx` (`airplane_id`),
  CONSTRAINT `arrival_airport_id_fk` FOREIGN KEY (`arrival_airport_id`) REFERENCES `airports` (`id`) ON DELETE NO ACTION ON UPDATE NO ACTION,
  CONSTRAINT `departure_airport_id_fk` FOREIGN KEY (`departure_airport_id`) REFERENCES `airports` (`id`) ON DELETE NO ACTION ON UPDATE NO ACTION
) ENGINE=InnoDB AUTO_INCREMENT=1536 DEFAULT CHARSET=utf8;
/*!40101 SET character_set_client = @saved_cs_client */;

--
-- Dumping data for table `flights`
--

LOCK TABLES `flights` WRITE;
/*!40000 ALTER TABLE `flights` DISABLE KEYS */;
INSERT INTO `flights` VALUES (1,43,155,'2018-01-13T22:50:00','2018-01-13T23:50:00',59,'DKK',0,844),(2,43,219,'2018-01-15T22:00:00','2018-01-15T23:50:00',73,'DKK',0,690),(3,43,220,'2018-01-17T21:05:00','2018-01-17T22:05:00',74,'DKK',0,720),(4,43,175,'2018-01-16T09:00:00','2018-01-16T10:40:00',96,'DKK',0,363),(5,43,52,'2018-01-17T22:05:00','2018-01-17T23:00:00',96,'DKK',0,678),(6,43,176,'2018-01-12T12:10:00','2018-01-12T14:40:00',96,'DKK',0,979),(7,43,178,'2018-01-16T20:45:00','2018-01-16T22:50:00',109,'DKK',0,716),(8,43,268,'2018-01-16T20:10:00','2018-01-16T21:30:00',149,'DKK',0,430),(9,43,173,'2018-01-17T09:50:00','2018-01-17T12:20:00',149,'DKK',0,278),(10,43,187,'2018-01-14T12:25:00','2018-01-14T15:50:00',164,'DKK',0,905),(11,43,190,'2018-01-17T08:30:00','2018-01-17T10:00:00',199,'DKK',0,679),(12,43,256,'2018-01-15T20:05:00','2018-01-15T23:30:00',239,'DKK',0,729),(13,43,122,'2018-01-11T12:50:00','2018-01-11T15:00:00',259,'DKK',0,160),(14,43,118,'2018-01-14T18:40:00','2018-01-14T22:20:00',289,'DKK',0,544),(15,43,67,'2018-01-12T16:20:00','2018-01-12T20:45:00',699,'DKK',0,486),(16,44,157,'2018-01-17T21:40:00','2018-01-17T22:40:00',14.99,'EUR',0,835),(17,44,175,'2018-01-18T21:10:00','2018-01-18T22:45:00',23.99,'EUR',0,701),(18,44,182,'2018-01-17T06:40:00','2018-01-17T07:40:00',23.99,'EUR',0,199),(19,44,190,'2018-01-13T21:05:00','2018-01-13T22:25:00',26.99,'EUR',0,258),(20,44,220,'2018-01-16T11:45:00','2018-01-16T12:30:00',26.99,'EUR',0,502),(21,44,85,'2018-01-13T10:25:00','2018-01-13T11:30:00',26.99,'EUR',0,570),(22,44,214,'2018-01-16T16:35:00','2018-01-16T17:15:00',30.99,'EUR',0,5),(23,44,206,'2018-01-20T17:00:00','2018-01-20T18:25:00',32.99,'EUR',0,900),(24,44,178,'2018-01-16T17:00:00','2018-01-16T18:30:00',32.99,'EUR',0,499),(25,44,256,'2018-01-19T12:40:00','2018-01-19T15:50:00',33.99,'EUR',0,995),(26,44,173,'2018-01-11T17:25:00','2018-01-11T19:10:00',33.99,'EUR',0,797),(27,44,63,'2018-01-19T11:55:00','2018-01-19T12:50:00',39.99,'EUR',0,555),(28,44,155,'2018-01-17T17:20:00','2018-01-17T18:10:00',39.99,'EUR',0,633),(29,44,236,'2018-01-12T07:10:00','2018-01-12T09:00:00',39.99,'EUR',0,416),(30,44,181,'2018-01-15T16:55:00','2018-01-15T17:55:00',40.99,'EUR',0,740),(31,44,200,'2018-01-11T08:00:00','2018-01-11T10:25:00',59.99,'EUR',0,509),(32,45,139,'2018-01-11T15:40:00','2018-01-11T16:45:00',12.71,'EUR',0,860),(33,45,242,'2018-01-11T08:30:00','2018-01-11T09:45:00',14.67,'EUR',0,493),(34,45,123,'2018-01-11T13:35:00','2018-01-11T15:00:00',14.67,'EUR',0,807),(35,45,267,'2018-01-11T17:30:00','2018-01-11T18:40:00',14.67,'EUR',0,490),(36,45,140,'2018-01-16T19:40:00','2018-01-16T22:00:00',14.7,'EUR',0,649),(37,45,118,'2018-01-17T09:30:00','2018-01-17T12:10:00',19.6,'EUR',0,71),(38,45,199,'2018-01-14T09:05:00','2018-01-14T11:00:00',28.99,'EUR',0,358),(39,45,187,'2018-01-19T19:20:00','2018-01-19T21:35:00',33.99,'EUR',0,477),(40,45,264,'2018-01-11T10:40:00','2018-01-11T15:05:00',50.99,'EUR',0,80),(41,45,154,'2018-01-18T12:55:00','2018-01-18T16:10:00',64.99,'EUR',0,688),(42,46,268,'2018-01-11T22:30:00','2018-01-11T23:40:00',12.99,'GBP',0,752),(43,46,187,'2018-01-13T11:00:00','2018-01-13T15:00:00',14.99,'GBP',0,123),(44,46,256,'2018-01-12T16:05:00','2018-01-12T19:45:00',14.99,'GBP',0,432),(45,46,118,'2018-01-11T10:45:00','2018-01-11T14:55:00',14.99,'GBP',0,444),(46,46,231,'2018-01-12T09:05:00','2018-01-12T12:35:00',14.99,'GBP',0,122),(47,46,227,'2018-01-11T08:30:00','2018-01-11T11:45:00',14.99,'GBP',0,636),(48,46,154,'2018-01-17T12:15:00','2018-01-17T16:40:00',19.99,'GBP',0,408),(49,46,67,'2018-01-12T13:05:00','2018-01-12T17:50:00',32.99,'GBP',0,535),(50,48,206,'2018-01-12T15:50:00','2018-01-12T18:50:00',9.99,'EUR',0,206),(51,48,214,'2018-01-14T09:45:00','2018-01-14T13:15:00',12.99,'EUR',0,495),(52,48,155,'2018-01-15T16:05:00','2018-01-15T17:35:00',12.99,'EUR',0,513),(53,48,220,'2018-01-13T18:15:00','2018-01-13T19:40:00',14.99,'EUR',0,610),(54,50,115,'2018-01-16T18:00:00','2018-01-16T18:55:00',14.7,'EUR',0,397),(55,50,155,'2018-01-12T16:10:00','2018-01-12T16:40:00',25.99,'EUR',0,695),(56,50,255,'2018-01-17T11:50:00','2018-01-17T13:50:00',48.99,'EUR',0,512),(57,52,100,'2018-01-11T19:45:00','2018-01-11T22:45:00',7.99,'GBP',0,127),(58,52,175,'2018-01-15T18:40:00','2018-01-15T21:20:00',9.99,'GBP',0,957),(59,52,53,'2018-01-13T06:25:00','2018-01-13T10:05:00',9.99,'GBP',0,319),(60,52,62,'2018-01-11T06:35:00','2018-01-11T10:10:00',9.99,'GBP',0,351),(61,52,269,'2018-01-14T18:40:00','2018-01-14T22:05:00',9.99,'GBP',0,295),(62,52,124,'2018-01-14T06:50:00','2018-01-14T10:10:00',9.99,'GBP',0,714),(63,52,43,'2018-01-15T06:40:00','2018-01-15T09:25:00',12.99,'GBP',0,72),(64,52,132,'2018-01-11T18:05:00','2018-01-11T20:40:00',12.99,'GBP',0,399),(65,52,179,'2018-01-15T09:05:00','2018-01-15T11:40:00',12.99,'GBP',0,788),(66,52,169,'2018-01-15T11:10:00','2018-01-15T14:00:00',12.99,'GBP',0,407),(67,52,114,'2018-01-11T09:30:00','2018-01-11T13:25:00',12.99,'GBP',0,139),(68,52,187,'2018-01-13T15:10:00','2018-01-13T19:20:00',14.99,'GBP',0,368),(69,52,199,'2018-01-11T06:30:00','2018-01-11T10:10:00',14.99,'GBP',0,385),(70,52,268,'2018-01-12T08:10:00','2018-01-12T09:20:00',14.99,'GBP',0,238),(71,52,128,'2018-01-16T19:15:00','2018-01-16T22:35:00',14.99,'GBP',0,82),(72,52,237,'2018-01-12T18:05:00','2018-01-12T21:40:00',14.99,'GBP',0,823),(73,53,175,'2018-01-11T12:35:00','2018-01-11T14:20:00',9.79,'EUR',0,849),(74,53,52,'2018-01-13T10:35:00','2018-01-13T12:25:00',9.79,'EUR',0,141),(75,53,115,'2018-01-14T18:20:00','2018-01-14T19:25:00',9.79,'EUR',0,790),(76,53,155,'2018-01-17T17:30:00','2018-01-17T18:35:00',27.99,'EUR',0,751),(77,53,107,'2018-01-12T14:25:00','2018-01-12T15:35:00',27.99,'EUR',0,869),(78,53,268,'2018-01-12T17:35:00','2018-01-12T18:55:00',54.99,'EUR',0,728),(79,55,214,'2018-01-14T11:55:00','2018-01-14T13:05:00',58,'DKK',0,444),(80,55,155,'2018-01-11T22:35:00','2018-01-11T23:20:00',73,'DKK',0,282),(81,55,219,'2018-01-16T13:05:00','2018-01-16T15:05:00',209,'DKK',0,666),(82,55,187,'2018-01-15T10:25:00','2018-01-15T13:40:00',269,'DKK',0,854),(83,55,118,'2018-01-13T19:00:00','2018-01-13T22:35:00',329,'DKK',0,259),(84,56,175,'2018-01-18T18:40:00','2018-01-18T22:55:00',669,'MAD',0,251),(85,56,132,'2018-01-12T18:55:00','2018-01-12T23:15:00',669,'MAD',0,869),(86,56,173,'2018-01-16T19:30:00','2018-01-16T23:25:00',809,'MAD',0,300),(87,56,155,'2018-01-18T20:15:00','2018-01-18T23:35:00',819,'MAD',0,339),(88,56,256,'2018-01-15T18:55:00','2018-01-15T21:40:00',859,'MAD',0,5),(89,56,62,'2018-01-15T12:05:00','2018-01-15T15:35:00',859,'MAD',0,650),(90,56,236,'2018-01-15T14:30:00','2018-01-15T18:30:00',899,'MAD',0,86),(91,56,113,'2018-01-12T21:00:00','2018-01-13T00:10:00',1029,'MAD',0,302),(92,57,122,'2018-01-11T11:45:00','2018-01-11T13:00:00',9.77,'EUR',0,507),(93,57,99,'2018-01-11T06:30:00','2018-01-11T07:50:00',9.77,'EUR',0,674),(94,57,178,'2018-01-12T22:25:00','2018-01-12T23:50:00',14.67,'EUR',0,553),(95,57,175,'2018-01-18T09:40:00','2018-01-18T12:05:00',14.7,'EUR',0,482),(96,57,206,'2018-01-18T21:20:00','2018-01-18T23:25:00',14.7,'EUR',0,549),(97,57,176,'2018-01-11T13:05:00','2018-01-11T16:50:00',14.7,'EUR',0,341),(98,57,189,'2018-01-13T16:25:00','2018-01-13T18:25:00',14.7,'EUR',0,448),(99,57,115,'2018-01-17T11:00:00','2018-01-17T13:00:00',14.7,'EUR',0,407),(100,57,168,'2018-01-11T12:25:00','2018-01-11T15:05:00',14.7,'EUR',0,637),(101,57,124,'2018-01-17T15:15:00','2018-01-17T17:05:00',14.7,'EUR',0,941),(102,57,231,'2018-01-11T19:55:00','2018-01-11T22:15:00',14.7,'EUR',0,886),(103,57,227,'2018-01-12T10:00:00','2018-01-12T12:10:00',14.7,'EUR',0,939),(104,57,219,'2018-01-11T08:30:00','2018-01-11T10:10:00',27.99,'EUR',0,884),(105,57,200,'2018-01-15T15:50:00','2018-01-15T17:15:00',27.99,'EUR',0,832),(106,57,179,'2018-01-19T16:55:00','2018-01-19T19:15:00',28.99,'EUR',0,289),(107,57,144,'2018-01-17T08:00:00','2018-01-17T10:00:00',29.99,'EUR',0,953),(108,58,268,'2018-01-16T10:40:00','2018-01-16T11:20:00',19.99,'EUR',0,101),(109,58,118,'2018-01-13T19:25:00','2018-01-13T22:25:00',21.99,'EUR',0,458),(110,60,155,'2018-01-17T10:00:00','2018-01-17T10:10:00',26.99,'EUR',0,53),(111,61,175,'2018-01-18T13:15:00','2018-01-18T17:30:00',9.99,'EUR',0,652),(112,61,132,'2018-01-19T19:15:00','2018-01-19T23:15:00',9.99,'EUR',0,95),(113,61,100,'2018-01-19T12:40:00','2018-01-19T16:20:00',9.99,'EUR',0,49),(114,61,129,'2018-01-19T13:45:00','2018-01-19T17:15:00',12.99,'EUR',0,984),(115,61,260,'2018-01-11T13:05:00','2018-01-11T16:00:00',14.99,'EUR',0,666),(116,61,189,'2018-01-20T12:10:00','2018-01-20T15:10:00',14.99,'EUR',0,89),(117,61,231,'2018-01-11T20:30:00','2018-01-11T23:55:00',29.99,'EUR',0,151),(118,61,214,'2018-01-19T18:20:00','2018-01-19T22:00:00',33.99,'EUR',0,300),(119,61,206,'2018-01-18T13:55:00','2018-01-18T18:05:00',33.99,'EUR',0,908),(120,61,128,'2018-01-14T12:20:00','2018-01-14T16:00:00',33.99,'EUR',0,87),(121,61,219,'2018-01-20T11:20:00','2018-01-20T14:10:00',35.99,'EUR',0,700),(122,61,178,'2018-01-11T11:55:00','2018-01-11T15:30:00',42.99,'EUR',0,297),(123,61,176,'2018-01-11T18:30:00','2018-01-11T23:10:00',50.99,'EUR',0,712),(124,62,175,'2018-01-16T14:05:00','2018-01-16T15:50:00',9.79,'EUR',0,946),(125,62,114,'2018-01-17T16:50:00','2018-01-17T18:15:00',9.79,'EUR',0,226),(126,62,102,'2018-01-16T10:20:00','2018-01-16T12:05:00',14.67,'EUR',0,627),(127,62,79,'2018-01-17T16:45:00','2018-01-17T18:20:00',14.67,'EUR',0,213),(128,62,144,'2018-01-16T10:10:00','2018-01-16T11:30:00',14.7,'EUR',0,914),(129,62,115,'2018-01-16T20:05:00','2018-01-16T21:05:00',14.7,'EUR',0,907),(130,62,196,'2018-01-14T18:35:00','2018-01-14T20:40:00',14.7,'EUR',0,498),(131,62,194,'2018-01-17T09:00:00','2018-01-17T10:15:00',14.7,'EUR',0,31),(132,62,173,'2018-01-13T08:45:00','2018-01-13T10:10:00',25.99,'EUR',0,375),(133,62,155,'2018-01-14T21:25:00','2018-01-14T22:30:00',26.99,'EUR',0,616),(134,62,256,'2018-01-12T22:20:00','2018-01-13T00:05:00',26.99,'EUR',0,998),(135,62,179,'2018-01-12T20:20:00','2018-01-12T22:10:00',27.99,'EUR',0,298),(136,62,189,'2018-01-12T19:45:00','2018-01-12T22:05:00',28.99,'EUR',0,610),(137,62,267,'2018-01-15T22:35:00','2018-01-16T00:15:00',28.99,'EUR',0,817),(138,62,127,'2018-01-15T20:50:00','2018-01-15T22:10:00',29.99,'EUR',0,190),(139,62,234,'2018-01-13T09:05:00','2018-01-13T10:05:00',29.99,'EUR',0,763),(140,63,268,'2018-01-11T06:30:00','2018-01-11T07:35:00',9.99,'GBP',0,431),(141,63,227,'2018-01-12T18:55:00','2018-01-12T22:10:00',12.99,'GBP',0,139),(142,63,187,'2018-01-20T06:30:00','2018-01-20T10:20:00',14.99,'GBP',0,574),(143,63,260,'2018-01-12T06:05:00','2018-01-12T09:30:00',14.99,'GBP',0,232),(144,63,128,'2018-01-14T06:50:00','2018-01-14T10:05:00',14.99,'GBP',0,660),(145,63,221,'2018-01-18T11:40:00','2018-01-18T16:10:00',14.99,'GBP',0,727),(146,63,154,'2018-01-11T06:10:00','2018-01-11T10:30:00',14.99,'GBP',0,20),(147,63,84,'2018-01-13T09:35:00','2018-01-13T13:35:00',14.99,'GBP',0,852),(148,63,44,'2018-01-16T16:05:00','2018-01-16T20:55:00',14.99,'GBP',0,560),(149,63,231,'2018-01-14T16:10:00','2018-01-14T19:35:00',14.99,'GBP',0,34),(150,63,118,'2018-01-15T06:20:00','2018-01-15T10:25:00',19.99,'GBP',0,273),(151,63,240,'2018-01-14T06:30:00','2018-01-14T11:10:00',19.99,'GBP',0,857),(152,63,189,'2018-01-13T16:55:00','2018-01-13T20:25:00',21.99,'GBP',0,480),(153,63,67,'2018-01-11T06:40:00','2018-01-11T11:20:00',21.99,'GBP',0,506),(154,63,184,'2018-01-14T12:45:00','2018-01-14T17:10:00',24.99,'GBP',0,732),(155,63,83,'2018-01-12T15:10:00','2018-01-12T18:15:00',30.99,'GBP',0,182),(156,65,231,'2018-01-12T11:30:00','2018-01-12T12:55:00',76,'SEK',0,182),(157,65,189,'2018-01-11T21:40:00','2018-01-11T23:30:00',95,'SEK',0,778),(158,65,155,'2018-01-13T22:05:00','2018-01-13T23:10:00',124,'SEK',0,232),(159,65,118,'2018-01-16T07:30:00','2018-01-16T11:30:00',189,'SEK',0,30),(160,65,187,'2018-01-13T08:10:00','2018-01-13T11:40:00',399,'SEK',0,541),(161,66,143,'2018-01-16T18:00:00','2018-01-16T19:15:00',19,'PLN',0,342),(162,66,155,'2018-01-16T21:20:00','2018-01-16T22:15:00',109,'PLN',0,241),(163,66,145,'2018-01-18T21:25:00','2018-01-18T22:35:00',139,'PLN',0,850),(164,66,268,'2018-01-20T17:35:00','2018-01-20T19:00:00',219,'PLN',0,573),(165,67,46,'2018-01-17T07:55:00','2018-01-17T12:40:00',14.99,'EUR',0,342),(166,67,152,'2018-01-17T15:00:00','2018-01-17T19:10:00',21.99,'EUR',0,980),(167,67,243,'2018-01-18T07:45:00','2018-01-18T11:50:00',21.99,'EUR',0,383),(168,67,199,'2018-01-20T16:10:00','2018-01-20T20:40:00',25.44,'EUR',0,17),(169,67,256,'2018-01-17T17:15:00','2018-01-17T21:10:00',29.44,'EUR',0,115),(170,67,246,'2018-01-15T17:15:00','2018-01-15T21:10:00',29.44,'EUR',0,679),(171,67,196,'2018-01-14T18:25:00','2018-01-14T21:45:00',29.44,'EUR',0,410),(172,67,114,'2018-01-13T17:10:00','2018-01-13T21:15:00',29.44,'EUR',0,56),(173,67,115,'2018-01-14T19:45:00','2018-01-14T22:25:00',33.99,'EUR',0,306),(174,67,191,'2018-01-18T07:10:00','2018-01-18T11:40:00',38.99,'EUR',0,402),(175,67,181,'2018-01-15T06:45:00','2018-01-15T11:15:00',42.99,'EUR',0,576),(176,67,245,'2018-01-14T18:40:00','2018-01-14T23:05:00',42.99,'EUR',0,72),(177,67,179,'2018-01-13T06:35:00','2018-01-13T12:10:00',42.99,'EUR',0,922),(178,67,206,'2018-01-19T17:50:00','2018-01-19T23:30:00',42.99,'EUR',0,593),(179,67,157,'2018-01-20T16:00:00','2018-01-20T21:55:00',46.99,'EUR',0,195),(180,67,247,'2018-01-12T09:10:00','2018-01-12T15:50:00',46.99,'EUR',0,743),(181,70,189,'2018-01-11T12:00:00','2018-01-11T13:35:00',76,'SEK',0,489),(182,71,199,'2018-01-16T16:45:00','2018-01-16T18:30:00',20.5,'EUR',0,789),(183,72,115,'2018-01-12T19:15:00','2018-01-12T20:50:00',14.7,'EUR',0,275),(184,73,118,'2018-01-13T18:30:00','2018-01-13T23:00:00',12.99,'GBP',0,193),(185,73,187,'2018-01-14T10:25:00','2018-01-14T14:40:00',28.99,'GBP',0,531),(186,74,155,'2018-01-13T21:20:00','2018-01-13T22:45:00',109,'PLN',0,749),(187,75,121,'2018-01-18T09:55:00','2018-01-18T11:25:00',9.77,'EUR',0,62),(188,75,244,'2018-01-20T10:25:00','2018-01-20T11:50:00',12.71,'EUR',0,350),(189,75,153,'2018-01-12T10:25:00','2018-01-12T11:20:00',12.71,'EUR',0,993),(190,75,139,'2018-01-16T14:25:00','2018-01-16T15:50:00',14.67,'EUR',0,564),(191,75,123,'2018-01-14T22:25:00','2018-01-14T23:45:00',14.67,'EUR',0,315),(192,75,205,'2018-01-18T16:10:00','2018-01-18T17:25:00',14.67,'EUR',0,164),(193,75,263,'2018-01-16T18:10:00','2018-01-16T19:40:00',14.67,'EUR',0,815),(194,75,206,'2018-01-19T18:00:00','2018-01-19T20:05:00',14.7,'EUR',0,227),(195,75,189,'2018-01-16T09:55:00','2018-01-16T12:25:00',14.7,'EUR',0,154),(196,75,155,'2018-01-18T22:00:00','2018-01-18T23:35:00',14.7,'EUR',0,812),(197,75,113,'2018-01-11T15:00:00','2018-01-11T16:10:00',25.99,'EUR',0,846),(198,75,256,'2018-01-16T15:40:00','2018-01-16T17:30:00',27.99,'EUR',0,481),(199,75,178,'2018-01-12T21:15:00','2018-01-12T22:45:00',28.59,'EUR',0,775),(200,75,173,'2018-01-11T06:45:00','2018-01-11T07:55:00',28.59,'EUR',0,588),(201,75,122,'2018-01-16T12:15:00','2018-01-16T13:35:00',29.69,'EUR',0,445),(202,75,175,'2018-01-19T20:30:00','2018-01-19T22:55:00',39.99,'EUR',0,747),(203,76,155,'2018-01-16T09:55:00','2018-01-16T10:35:00',37,'DKK',0,538),(204,77,132,'2018-01-18T11:15:00','2018-01-18T12:30:00',2.99,'EUR',0,735),(205,77,233,'2018-01-13T21:35:00','2018-01-13T22:15:00',2.99,'EUR',0,627),(206,77,178,'2018-01-17T22:35:00','2018-01-17T23:25:00',9.79,'EUR',0,373),(207,77,113,'2018-01-17T21:10:00','2018-01-17T22:50:00',9.99,'EUR',0,946),(208,77,155,'2018-01-18T12:00:00','2018-01-18T12:45:00',33.99,'EUR',0,71),(209,78,107,'2018-01-14T16:45:00','2018-01-14T17:40:00',9.99,'EUR',0,370),(210,78,268,'2018-01-15T18:05:00','2018-01-15T19:20:00',14.99,'EUR',0,419),(211,79,62,'2018-01-15T18:45:00','2018-01-15T20:25:00',14.67,'EUR',0,800),(212,80,268,'2018-01-16T21:25:00','2018-01-16T22:55:00',14.99,'EUR',0,911),(213,82,175,'2018-01-18T20:10:00','2018-01-18T22:15:00',9.99,'EUR',0,747),(214,83,206,'2018-01-16T19:20:00','2018-01-16T23:25:00',9.99,'EUR',0,770),(215,83,115,'2018-01-16T20:25:00','2018-01-16T21:35:00',12.99,'EUR',0,397),(216,83,152,'2018-01-13T13:30:00','2018-01-13T16:05:00',14.99,'EUR',0,446),(217,83,172,'2018-01-16T17:55:00','2018-01-16T22:20:00',14.99,'EUR',0,878),(218,83,145,'2018-01-19T14:30:00','2018-01-19T17:30:00',19.99,'EUR',0,361),(219,83,236,'2018-01-17T14:00:00','2018-01-17T17:40:00',29.99,'EUR',0,959),(220,83,177,'2018-01-16T10:00:00','2018-01-16T12:45:00',33.99,'EUR',0,414),(221,83,132,'2018-01-18T17:15:00','2018-01-18T21:20:00',33.99,'EUR',0,303),(222,83,52,'2018-01-20T12:55:00','2018-01-20T16:20:00',33.99,'EUR',0,938),(223,83,233,'2018-01-18T13:30:00','2018-01-18T17:35:00',33.99,'EUR',0,633),(224,83,235,'2018-01-17T17:45:00','2018-01-17T21:00:00',35.99,'EUR',0,679),(225,83,155,'2018-01-16T15:45:00','2018-01-16T18:45:00',35.99,'EUR',0,275),(226,83,181,'2018-01-19T13:30:00','2018-01-19T16:30:00',40.99,'EUR',0,870),(227,83,245,'2018-01-14T17:30:00','2018-01-14T20:30:00',40.99,'EUR',0,291),(228,83,179,'2018-01-18T15:00:00','2018-01-18T19:05:00',40.99,'EUR',0,26),(229,83,63,'2018-01-19T18:40:00','2018-01-19T21:45:00',40.99,'EUR',0,646),(230,84,245,'2018-01-16T10:50:00','2018-01-16T12:35:00',14.99,'EUR',0,172),(231,84,107,'2018-01-17T20:40:00','2018-01-17T22:35:00',19.99,'EUR',0,50),(232,84,181,'2018-01-13T17:50:00','2018-01-13T19:35:00',33.99,'EUR',0,323),(233,84,179,'2018-01-17T19:50:00','2018-01-17T22:35:00',33.99,'EUR',0,455),(234,84,63,'2018-01-13T14:00:00','2018-01-13T15:55:00',33.99,'EUR',0,102),(235,84,220,'2018-01-16T20:25:00','2018-01-16T22:05:00',33.99,'EUR',0,913),(236,84,155,'2018-01-17T20:50:00','2018-01-17T22:40:00',33.99,'EUR',0,1),(237,84,268,'2018-01-13T21:20:00','2018-01-13T23:15:00',50.99,'EUR',0,92),(238,85,189,'2018-01-17T10:40:00','2018-01-17T12:10:00',4.99,'EUR',0,395),(239,85,178,'2018-01-11T07:20:00','2018-01-11T08:35:00',9.79,'EUR',0,167),(240,85,219,'2018-01-13T20:35:00','2018-01-13T22:05:00',9.99,'EUR',0,648),(241,85,139,'2018-01-12T10:40:00','2018-01-12T12:35:00',12.74,'EUR',0,905),(242,85,155,'2018-01-11T22:35:00','2018-01-11T23:25:00',12.99,'EUR',0,426),(243,85,107,'2018-01-13T15:25:00','2018-01-13T16:25:00',12.99,'EUR',0,219),(244,85,173,'2018-01-13T10:40:00','2018-01-13T12:25:00',14.69,'EUR',0,416),(245,85,267,'2018-01-11T10:40:00','2018-01-11T12:50:00',14.7,'EUR',0,421),(246,85,256,'2018-01-14T16:05:00','2018-01-14T18:35:00',14.99,'EUR',0,396),(247,85,200,'2018-01-16T20:30:00','2018-01-16T23:00:00',14.99,'EUR',0,358),(248,85,115,'2018-01-16T13:55:00','2018-01-16T15:45:00',14.99,'EUR',0,841),(249,85,44,'2018-01-13T07:00:00','2018-01-13T10:00:00',14.99,'EUR',0,936),(250,86,115,'2018-01-18T16:50:00','2018-01-18T18:10:00',14.7,'EUR',0,923),(251,86,255,'2018-01-19T11:45:00','2018-01-19T13:50:00',37.99,'EUR',0,526),(252,86,127,'2018-01-18T18:20:00','2018-01-18T20:00:00',45.99,'EUR',0,620),(253,87,175,'2018-01-17T13:40:00','2018-01-17T16:20:00',12.74,'EUR',0,87),(254,87,256,'2018-01-15T18:30:00','2018-01-15T21:20:00',12.74,'EUR',0,255),(255,87,205,'2018-01-20T14:40:00','2018-01-20T16:10:00',14.67,'EUR',0,558),(256,87,99,'2018-01-16T10:00:00','2018-01-16T11:35:00',14.67,'EUR',0,890),(257,87,116,'2018-01-18T08:25:00','2018-01-18T10:25:00',26.39,'EUR',0,157),(258,87,206,'2018-01-17T18:30:00','2018-01-17T20:55:00',27.99,'EUR',0,703),(259,87,178,'2018-01-19T21:40:00','2018-01-19T23:25:00',29.69,'EUR',0,516),(260,87,155,'2018-01-19T11:10:00','2018-01-19T13:25:00',64.99,'EUR',0,522),(261,87,122,'2018-01-18T08:30:00','2018-01-18T10:05:00',101.19,'EUR',0,290),(262,89,173,'2018-01-17T06:40:00','2018-01-17T07:35:00',12.74,'EUR',0,782),(263,89,175,'2018-01-17T21:00:00','2018-01-17T22:50:00',12.99,'EUR',0,659),(264,89,179,'2018-01-16T10:20:00','2018-01-16T12:10:00',25.99,'EUR',0,33),(265,89,100,'2018-01-17T11:15:00','2018-01-17T12:45:00',25.99,'EUR',0,499),(266,89,161,'2018-01-11T06:45:00','2018-01-11T08:10:00',27.99,'EUR',0,982),(267,89,190,'2018-01-19T10:20:00','2018-01-19T12:00:00',30.99,'EUR',0,337),(268,89,116,'2018-01-15T11:15:00','2018-01-15T12:25:00',34.99,'EUR',0,737),(269,89,214,'2018-01-20T20:15:00','2018-01-20T21:35:00',40.99,'EUR',0,327),(270,89,199,'2018-01-13T06:30:00','2018-01-13T08:35:00',42.99,'EUR',0,43),(271,89,155,'2018-01-20T22:25:00','2018-01-20T23:45:00',48.99,'EUR',0,578),(272,89,256,'2018-01-12T16:55:00','2018-01-12T19:45:00',50.99,'EUR',0,910),(273,89,213,'2018-01-20T17:30:00','2018-01-20T19:10:00',69.99,'EUR',0,304),(274,89,136,'2018-01-17T16:15:00','2018-01-17T18:05:00',86.99,'EUR',0,125),(275,89,268,'2018-01-20T13:40:00','2018-01-20T15:40:00',109.99,'EUR',0,436),(276,89,145,'2018-01-19T16:50:00','2018-01-19T18:30:00',148.99,'EUR',0,835),(277,89,181,'2018-01-11T17:10:00','2018-01-11T18:40:00',253.99,'EUR',0,870),(278,90,187,'2018-01-15T20:55:00','2018-01-15T23:30:00',14.99,'EUR',0,266),(279,92,155,'2018-01-13T11:20:00','2018-01-13T12:20:00',4.89,'EUR',0,208),(280,95,175,'2018-01-13T19:30:00','2018-01-13T21:25:00',26.99,'EUR',0,787),(281,95,155,'2018-01-16T15:35:00','2018-01-16T17:05:00',57.99,'EUR',0,279),(282,96,177,'2018-01-16T11:00:00','2018-01-16T12:25:00',14.7,'EUR',0,74),(283,96,199,'2018-01-12T21:25:00','2018-01-12T23:15:00',27.99,'EUR',0,502),(284,97,155,'2018-01-20T17:10:00','2018-01-20T18:20:00',629,'CZK',0,198),(285,98,144,'2018-01-18T06:15:00','2018-01-18T09:35:00',14.99,'EUR',0,103),(286,98,115,'2018-01-11T12:10:00','2018-01-11T15:25:00',29.99,'EUR',0,722),(287,98,155,'2018-01-13T13:00:00','2018-01-13T17:45:00',42.99,'EUR',0,740),(288,99,206,'2018-01-12T08:40:00','2018-01-12T10:00:00',4.89,'EUR',0,484),(289,99,231,'2018-01-12T12:45:00','2018-01-12T14:35:00',7.83,'EUR',0,345),(290,99,57,'2018-01-11T21:10:00','2018-01-11T22:30:00',9.77,'EUR',0,874),(291,99,190,'2018-01-20T13:00:00','2018-01-20T14:35:00',9.79,'EUR',0,95),(292,99,172,'2018-01-11T15:30:00','2018-01-11T16:55:00',9.79,'EUR',0,244),(293,99,236,'2018-01-17T11:05:00','2018-01-17T12:45:00',9.79,'EUR',0,853),(294,99,139,'2018-01-11T12:45:00','2018-01-11T14:05:00',12.71,'EUR',0,381),(295,99,242,'2018-01-12T17:35:00','2018-01-12T19:05:00',12.71,'EUR',0,62),(296,99,175,'2018-01-11T17:05:00','2018-01-11T18:45:00',12.74,'EUR',0,890),(297,99,179,'2018-01-16T20:35:00','2018-01-16T22:15:00',12.74,'EUR',0,660),(298,99,75,'2018-01-14T13:20:00','2018-01-14T14:50:00',14.67,'EUR',0,222),(299,99,123,'2018-01-11T14:10:00','2018-01-11T15:55:00',14.67,'EUR',0,810),(300,99,87,'2018-01-11T12:00:00','2018-01-11T13:35:00',14.67,'EUR',0,9),(301,99,267,'2018-01-17T12:50:00','2018-01-17T14:30:00',14.67,'EUR',0,142),(302,99,214,'2018-01-17T15:30:00','2018-01-17T17:05:00',14.7,'EUR',0,402),(303,99,219,'2018-01-17T14:25:00','2018-01-17T15:40:00',14.7,'EUR',0,222),(304,100,52,'2018-01-15T17:50:00','2018-01-15T18:55:00',7.99,'EUR',0,188),(305,100,113,'2018-01-14T14:20:00','2018-01-14T16:00:00',9.99,'EUR',0,364),(306,100,61,'2018-01-12T06:45:00','2018-01-12T12:05:00',9.99,'EUR',0,242),(307,100,155,'2018-01-14T10:40:00','2018-01-14T11:15:00',9.99,'EUR',0,87),(308,100,115,'2018-01-12T17:10:00','2018-01-12T18:45:00',9.99,'EUR',0,358),(309,100,231,'2018-01-12T08:15:00','2018-01-12T10:05:00',9.99,'EUR',0,819),(310,100,109,'2018-01-12T16:05:00','2018-01-12T18:10:00',12.99,'EUR',0,799),(311,100,196,'2018-01-11T10:00:00','2018-01-11T12:35:00',12.99,'EUR',0,165),(312,100,139,'2018-01-14T18:15:00','2018-01-14T20:10:00',14.7,'EUR',0,169),(313,100,187,'2018-01-13T17:30:00','2018-01-13T19:55:00',14.99,'EUR',0,819),(314,100,144,'2018-01-11T11:30:00','2018-01-11T13:35:00',14.99,'EUR',0,923),(315,100,118,'2018-01-13T06:35:00','2018-01-13T09:15:00',14.99,'EUR',0,6),(316,100,200,'2018-01-15T10:20:00','2018-01-15T12:40:00',14.99,'EUR',0,319),(317,100,89,'2018-01-14T13:10:00','2018-01-14T16:30:00',14.99,'EUR',0,169),(318,100,168,'2018-01-12T09:35:00','2018-01-12T13:10:00',19.99,'EUR',0,827),(319,100,264,'2018-01-18T08:00:00','2018-01-18T13:10:00',42.99,'EUR',0,229),(320,101,144,'2018-01-15T16:25:00','2018-01-15T19:50:00',14.99,'EUR',0,274),(321,101,115,'2018-01-13T19:40:00','2018-01-13T23:05:00',14.99,'EUR',0,387),(322,102,62,'2018-01-11T12:40:00','2018-01-11T14:30:00',14.67,'EUR',0,904),(323,105,155,'2018-01-18T21:35:00','2018-01-18T23:20:00',159,'PLN',0,657),(324,106,163,'2018-01-11T08:45:00','2018-01-11T09:50:00',9.98,'EUR',0,292),(325,106,161,'2018-01-17T13:45:00','2018-01-17T15:30:00',14.7,'EUR',0,677),(326,106,214,'2018-01-20T21:40:00','2018-01-20T22:55:00',14.99,'EUR',0,905),(327,106,173,'2018-01-15T21:50:00','2018-01-15T22:55:00',23.99,'EUR',0,114),(328,106,175,'2018-01-17T06:45:00','2018-01-17T08:45:00',24.99,'EUR',0,226),(329,106,122,'2018-01-17T13:00:00','2018-01-17T14:10:00',26.99,'EUR',0,27),(330,106,178,'2018-01-17T07:00:00','2018-01-17T08:15:00',26.99,'EUR',0,563),(331,106,256,'2018-01-18T19:50:00','2018-01-18T22:50:00',37.99,'EUR',0,949),(332,106,116,'2018-01-16T17:50:00','2018-01-16T19:15:00',39.99,'EUR',0,143),(333,106,177,'2018-01-17T20:55:00','2018-01-17T22:30:00',64.99,'EUR',0,345),(334,106,268,'2018-01-19T21:45:00','2018-01-19T23:50:00',79.99,'EUR',0,162),(335,106,155,'2018-01-18T06:45:00','2018-01-18T08:10:00',105.99,'EUR',0,299),(336,107,190,'2018-01-11T08:05:00','2018-01-11T10:40:00',9.99,'GBP',0,397),(337,107,268,'2018-01-11T15:15:00','2018-01-11T16:15:00',9.99,'GBP',0,248),(338,107,172,'2018-01-14T15:15:00','2018-01-14T18:05:00',9.99,'GBP',0,590),(339,107,78,'2018-01-11T12:40:00','2018-01-11T15:30:00',9.99,'GBP',0,944),(340,107,175,'2018-01-11T07:50:00','2018-01-11T10:15:00',12.99,'GBP',0,435),(341,107,213,'2018-01-12T06:35:00','2018-01-12T09:15:00',12.99,'GBP',0,228),(342,107,85,'2018-01-13T16:50:00','2018-01-13T19:45:00',12.99,'GBP',0,900),(343,107,174,'2018-01-13T06:45:00','2018-01-13T08:00:00',12.99,'GBP',0,128),(344,107,53,'2018-01-12T10:50:00','2018-01-12T14:00:00',14.99,'GBP',0,276),(345,107,179,'2018-01-11T09:00:00','2018-01-11T11:25:00',14.99,'GBP',0,202),(346,107,128,'2018-01-13T17:40:00','2018-01-13T20:55:00',14.99,'GBP',0,485),(347,107,256,'2018-01-17T17:15:00','2018-01-17T20:55:00',14.99,'GBP',0,69),(348,107,109,'2018-01-20T17:10:00','2018-01-20T20:50:00',14.99,'GBP',0,296),(349,107,178,'2018-01-17T14:10:00','2018-01-17T17:20:00',14.99,'GBP',0,92),(350,107,57,'2018-01-16T09:15:00','2018-01-16T13:10:00',14.99,'GBP',0,551),(351,107,231,'2018-01-11T06:30:00','2018-01-11T10:00:00',14.99,'GBP',0,46),(352,109,206,'2018-01-17T09:10:00','2018-01-17T11:30:00',9.99,'EUR',0,682),(353,109,114,'2018-01-11T06:30:00','2018-01-11T07:30:00',10.14,'EUR',0,955),(354,109,199,'2018-01-11T20:05:00','2018-01-11T21:00:00',10.29,'EUR',0,680),(355,109,196,'2018-01-15T15:40:00','2018-01-15T17:20:00',10.66,'EUR',0,796),(356,109,100,'2018-01-19T13:40:00','2018-01-19T15:40:00',12.99,'EUR',0,686),(357,109,256,'2018-01-11T21:15:00','2018-01-11T22:40:00',13.66,'EUR',0,367),(358,109,118,'2018-01-14T15:30:00','2018-01-14T17:05:00',13.79,'EUR',0,948),(359,109,214,'2018-01-15T17:05:00','2018-01-15T20:00:00',14.99,'EUR',0,697),(360,109,213,'2018-01-19T06:30:00','2018-01-19T09:20:00',14.99,'EUR',0,579),(361,109,107,'2018-01-13T21:25:00','2018-01-13T23:10:00',14.99,'EUR',0,216),(362,109,231,'2018-01-11T10:50:00','2018-01-11T14:00:00',14.99,'EUR',0,220),(363,109,246,'2018-01-11T13:10:00','2018-01-11T15:10:00',16.24,'EUR',0,652),(364,109,175,'2018-01-13T17:00:00','2018-01-13T19:25:00',31.99,'EUR',0,55),(365,109,179,'2018-01-14T20:00:00','2018-01-14T22:30:00',31.99,'EUR',0,789),(366,109,155,'2018-01-13T17:30:00','2018-01-13T19:15:00',31.99,'EUR',0,966),(367,109,233,'2018-01-15T20:05:00','2018-01-15T22:15:00',33.99,'EUR',0,855),(368,111,155,'2018-01-13T11:25:00','2018-01-13T12:25:00',14.99,'EUR',0,648),(369,111,268,'2018-01-13T11:30:00','2018-01-13T13:05:00',94.99,'EUR',0,65),(370,112,145,'2018-01-15T20:50:00','2018-01-15T22:00:00',14.99,'EUR',0,196),(371,112,250,'2018-01-13T14:45:00','2018-01-13T16:10:00',14.99,'EUR',0,640),(372,112,155,'2018-01-11T06:40:00','2018-01-11T08:10:00',14.99,'EUR',0,662),(373,112,118,'2018-01-14T19:25:00','2018-01-14T23:05:00',28.99,'EUR',0,407),(374,112,227,'2018-01-16T18:50:00','2018-01-16T22:30:00',28.99,'EUR',0,857),(375,112,128,'2018-01-13T18:25:00','2018-01-13T22:10:00',34.99,'EUR',0,432),(376,112,221,'2018-01-17T11:55:00','2018-01-17T16:05:00',53.99,'EUR',0,971),(377,112,154,'2018-01-16T12:05:00','2018-01-16T16:00:00',83.99,'EUR',0,458),(378,112,67,'2018-01-12T12:05:00','2018-01-12T16:05:00',96.99,'EUR',0,376),(379,113,75,'2018-01-11T16:35:00','2018-01-11T17:45:00',9.79,'EUR',0,433),(380,113,205,'2018-01-11T19:35:00','2018-01-11T21:05:00',9.79,'EUR',0,41),(381,113,179,'2018-01-11T07:40:00','2018-01-11T09:50:00',9.99,'EUR',0,851),(382,113,206,'2018-01-18T17:45:00','2018-01-18T19:45:00',9.99,'EUR',0,844),(383,113,100,'2018-01-11T12:40:00','2018-01-11T14:35:00',9.99,'EUR',0,4),(384,113,77,'2018-01-14T17:05:00','2018-01-14T20:45:00',9.99,'EUR',0,473),(385,113,189,'2018-01-13T20:20:00','2018-01-13T23:00:00',14.99,'EUR',0,555),(386,113,260,'2018-01-12T12:00:00','2018-01-12T14:15:00',19.99,'EUR',0,714),(387,113,56,'2018-01-19T19:30:00','2018-01-19T20:35:00',25.99,'EUR',0,927),(388,114,62,'2018-01-14T15:00:00','2018-01-14T16:25:00',9.79,'EUR',0,384),(389,114,270,'2018-01-11T16:00:00','2018-01-11T20:10:00',9.98,'EUR',0,34),(390,114,206,'2018-01-16T11:30:00','2018-01-16T14:00:00',9.99,'EUR',0,788),(391,114,109,'2018-01-11T08:00:00','2018-01-11T09:00:00',10.14,'EUR',0,603),(392,114,160,'2018-01-18T16:05:00','2018-01-18T16:55:00',10.25,'EUR',0,992),(393,114,269,'2018-01-11T13:25:00','2018-01-11T14:40:00',10.99,'EUR',0,146),(394,114,196,'2018-01-17T08:15:00','2018-01-17T09:30:00',10.99,'EUR',0,692),(395,114,139,'2018-01-14T06:50:00','2018-01-14T09:15:00',12.74,'EUR',0,12),(396,114,132,'2018-01-17T20:00:00','2018-01-17T22:35:00',12.99,'EUR',0,828),(397,114,52,'2018-01-11T07:00:00','2018-01-11T09:05:00',12.99,'EUR',0,685),(398,114,178,'2018-01-11T06:35:00','2018-01-11T08:35:00',14.7,'EUR',0,0),(399,114,116,'2018-01-11T13:15:00','2018-01-11T15:10:00',14.7,'EUR',0,737),(400,114,175,'2018-01-18T16:05:00','2018-01-18T18:25:00',14.99,'EUR',0,108),(401,114,190,'2018-01-20T13:35:00','2018-01-20T16:10:00',14.99,'EUR',0,709),(402,114,172,'2018-01-16T20:20:00','2018-01-16T22:45:00',14.99,'EUR',0,678),(403,114,213,'2018-01-13T06:30:00','2018-01-13T09:15:00',14.99,'EUR',0,644),(404,115,53,'2018-01-14T15:10:00','2018-01-14T17:55:00',9.79,'EUR',0,926),(405,115,197,'2018-01-13T09:15:00','2018-01-13T11:55:00',9.79,'EUR',0,388),(406,115,206,'2018-01-17T09:05:00','2018-01-17T12:45:00',9.99,'EUR',0,507),(407,115,100,'2018-01-19T19:10:00','2018-01-19T22:45:00',9.99,'EUR',0,862),(408,115,236,'2018-01-18T18:40:00','2018-01-18T21:50:00',12.74,'EUR',0,112),(409,115,144,'2018-01-11T06:25:00','2018-01-11T07:25:00',12.99,'EUR',0,900),(410,115,62,'2018-01-17T12:40:00','2018-01-17T15:45:00',14.7,'EUR',0,745),(411,115,126,'2018-01-17T11:25:00','2018-01-17T14:50:00',14.7,'EUR',0,583),(412,115,72,'2018-01-15T15:05:00','2018-01-15T18:35:00',14.7,'EUR',0,768),(413,115,175,'2018-01-15T08:35:00','2018-01-15T12:00:00',14.99,'EUR',0,25),(414,115,190,'2018-01-18T08:25:00','2018-01-18T12:05:00',14.99,'EUR',0,340),(415,115,52,'2018-01-16T20:50:00','2018-01-16T23:35:00',14.99,'EUR',0,778),(416,115,172,'2018-01-16T08:45:00','2018-01-16T12:35:00',14.99,'EUR',0,741),(417,115,213,'2018-01-18T15:30:00','2018-01-18T19:30:00',14.99,'EUR',0,493),(418,115,145,'2018-01-19T16:15:00','2018-01-19T18:40:00',14.99,'EUR',0,636),(419,115,166,'2018-01-18T16:35:00','2018-01-18T20:10:00',14.99,'EUR',0,384),(420,116,237,'2018-01-14T10:55:00','2018-01-14T12:45:00',4.99,'EUR',0,548),(421,116,145,'2018-01-11T10:55:00','2018-01-11T12:05:00',9.79,'EUR',0,784),(422,116,123,'2018-01-11T18:40:00','2018-01-11T20:35:00',14.67,'EUR',0,669),(423,116,238,'2018-01-11T18:10:00','2018-01-11T20:15:00',14.67,'EUR',0,671),(424,116,87,'2018-01-11T06:00:00','2018-01-11T08:00:00',14.67,'EUR',0,558),(425,116,267,'2018-01-11T18:40:00','2018-01-11T20:30:00',14.67,'EUR',0,63),(426,116,89,'2018-01-12T12:50:00','2018-01-12T15:55:00',14.69,'EUR',0,826),(427,116,140,'2018-01-11T09:00:00','2018-01-11T10:35:00',14.7,'EUR',0,482),(428,116,106,'2018-01-11T19:40:00','2018-01-11T23:00:00',14.7,'EUR',0,545),(429,116,155,'2018-01-16T21:45:00','2018-01-16T22:40:00',14.7,'EUR',0,151),(430,116,115,'2018-01-11T14:00:00','2018-01-11T15:35:00',14.7,'EUR',0,841),(431,116,196,'2018-01-18T12:30:00','2018-01-18T15:10:00',14.7,'EUR',0,781),(432,116,114,'2018-01-11T10:50:00','2018-01-11T12:45:00',14.7,'EUR',0,108),(433,116,187,'2018-01-12T10:55:00','2018-01-12T13:05:00',27.99,'EUR',0,949),(434,117,235,'2018-01-16T21:20:00','2018-01-16T23:25:00',119,'PLN',0,870),(435,117,177,'2018-01-19T10:40:00','2018-01-19T12:30:00',179,'PLN',0,492),(436,117,245,'2018-01-14T10:30:00','2018-01-14T12:20:00',219,'PLN',0,795),(437,117,220,'2018-01-16T21:30:00','2018-01-16T23:05:00',309,'PLN',0,542),(438,117,155,'2018-01-20T11:45:00','2018-01-20T13:25:00',309,'PLN',0,638),(439,117,268,'2018-01-18T11:30:00','2018-01-18T13:45:00',469,'PLN',0,907),(440,117,107,'2018-01-14T11:20:00','2018-01-14T13:15:00',1059,'PLN',0,229),(441,118,206,'2018-01-18T10:30:00','2018-01-18T13:30:00',9.99,'EUR',0,277),(442,118,269,'2018-01-16T18:55:00','2018-01-16T20:35:00',10.99,'EUR',0,467),(443,118,73,'2018-01-17T06:45:00','2018-01-17T09:20:00',12.99,'EUR',0,45),(444,118,109,'2018-01-18T09:20:00','2018-01-18T10:50:00',13.79,'EUR',0,947),(445,118,191,'2018-01-13T21:20:00','2018-01-13T23:30:00',14.99,'EUR',0,476),(446,118,157,'2018-01-16T07:05:00','2018-01-16T10:25:00',14.99,'EUR',0,332),(447,118,190,'2018-01-18T06:50:00','2018-01-18T09:55:00',14.99,'EUR',0,228),(448,118,100,'2018-01-17T09:50:00','2018-01-17T12:45:00',14.99,'EUR',0,146),(449,118,46,'2018-01-16T08:05:00','2018-01-16T10:20:00',14.99,'EUR',0,83),(450,118,246,'2018-01-13T14:05:00','2018-01-13T15:50:00',16.49,'EUR',0,952),(451,118,245,'2018-01-19T08:45:00','2018-01-19T10:45:00',19.99,'EUR',0,773),(452,118,155,'2018-01-20T21:05:00','2018-01-20T23:05:00',19.99,'EUR',0,64),(453,118,181,'2018-01-20T08:10:00','2018-01-20T10:10:00',21.99,'EUR',0,467),(454,118,43,'2018-01-18T07:25:00','2018-01-18T11:15:00',21.99,'EUR',0,338),(455,118,227,'2018-01-11T11:35:00','2018-01-11T15:10:00',21.99,'EUR',0,168),(456,118,160,'2018-01-17T13:15:00','2018-01-17T14:35:00',22.73,'EUR',0,223),(457,120,115,'2018-01-15T17:30:00','2018-01-15T18:35:00',14.7,'EUR',0,816),(458,121,75,'2018-01-11T11:50:00','2018-01-11T13:10:00',9.77,'EUR',0,134),(459,122,57,'2018-01-16T10:10:00','2018-01-16T11:20:00',9.77,'EUR',0,291),(460,122,106,'2018-01-15T14:55:00','2018-01-15T18:00:00',9.79,'EUR',0,364),(461,122,231,'2018-01-12T13:45:00','2018-01-12T15:50:00',9.79,'EUR',0,24),(462,122,260,'2018-01-12T10:25:00','2018-01-12T11:50:00',12.74,'EUR',0,549),(463,122,189,'2018-01-11T09:10:00','2018-01-11T11:00:00',12.74,'EUR',0,263),(464,122,139,'2018-01-13T20:20:00','2018-01-13T21:40:00',14.67,'EUR',0,506),(465,122,242,'2018-01-15T06:25:00','2018-01-15T07:50:00',14.67,'EUR',0,762),(466,122,75,'2018-01-17T10:30:00','2018-01-17T11:50:00',14.67,'EUR',0,697),(467,122,153,'2018-01-11T15:35:00','2018-01-11T17:10:00',14.67,'EUR',0,265),(468,122,175,'2018-01-16T10:30:00','2018-01-16T12:20:00',14.7,'EUR',0,160),(469,122,43,'2018-01-14T07:00:00','2018-01-14T09:10:00',14.7,'EUR',0,444),(470,122,256,'2018-01-17T06:45:00','2018-01-17T09:10:00',14.7,'EUR',0,648),(471,122,200,'2018-01-12T14:40:00','2018-01-12T16:30:00',14.7,'EUR',0,268),(472,122,253,'2018-01-13T14:55:00','2018-01-13T16:25:00',14.7,'EUR',0,445),(473,122,196,'2018-01-11T20:50:00','2018-01-11T23:35:00',14.7,'EUR',0,169),(474,122,227,'2018-01-17T11:35:00','2018-01-17T13:20:00',14.7,'EUR',0,579),(475,123,75,'2018-01-15T16:10:00','2018-01-15T17:35:00',14.67,'EUR',0,918),(476,123,116,'2018-01-16T21:00:00','2018-01-16T23:00:00',14.67,'EUR',0,507),(477,123,141,'2018-01-13T19:35:00','2018-01-13T21:05:00',14.67,'EUR',0,279),(478,123,45,'2018-01-13T20:10:00','2018-01-13T21:40:00',14.67,'EUR',0,985),(479,123,159,'2018-01-17T19:35:00','2018-01-17T21:25:00',14.67,'EUR',0,970),(480,123,99,'2018-01-17T19:50:00','2018-01-17T21:40:00',14.67,'EUR',0,398),(481,123,178,'2018-01-17T21:35:00','2018-01-17T23:30:00',16.49,'EUR',0,111),(482,123,205,'2018-01-17T19:40:00','2018-01-17T21:30:00',16.49,'EUR',0,39),(483,123,214,'2018-01-19T20:10:00','2018-01-19T23:00:00',21.56,'EUR',0,580),(484,123,200,'2018-01-13T15:30:00','2018-01-13T16:25:00',25.99,'EUR',0,303),(485,123,179,'2018-01-15T19:45:00','2018-01-15T22:40:00',29.99,'EUR',0,667),(486,123,133,'2018-01-18T15:30:00','2018-01-18T17:30:00',36.29,'EUR',0,822),(487,123,122,'2018-01-17T22:05:00','2018-01-17T23:50:00',45.09,'EUR',0,423),(488,123,172,'2018-01-17T09:55:00','2018-01-17T12:30:00',54.99,'EUR',0,828),(489,123,256,'2018-01-14T16:50:00','2018-01-14T19:45:00',57.99,'EUR',0,379),(490,124,155,'2018-01-13T22:15:00','2018-01-13T23:15:00',4.89,'EUR',0,351),(491,124,214,'2018-01-14T13:25:00','2018-01-14T15:45:00',9.79,'EUR',0,110),(492,124,52,'2018-01-14T10:35:00','2018-01-14T12:05:00',9.79,'EUR',0,850),(493,124,172,'2018-01-12T16:40:00','2018-01-12T18:25:00',9.79,'EUR',0,913),(494,124,256,'2018-01-11T08:10:00','2018-01-11T09:35:00',9.79,'EUR',0,15),(495,124,231,'2018-01-14T09:35:00','2018-01-14T12:25:00',9.79,'EUR',0,594),(496,124,175,'2018-01-11T13:10:00','2018-01-11T14:55:00',12.74,'EUR',0,297),(497,124,144,'2018-01-11T15:15:00','2018-01-11T16:10:00',14.7,'EUR',0,921),(498,124,200,'2018-01-11T10:40:00','2018-01-11T13:00:00',14.7,'EUR',0,304),(499,124,57,'2018-01-14T17:10:00','2018-01-14T19:00:00',14.7,'EUR',0,313),(500,124,196,'2018-01-13T21:40:00','2018-01-13T23:25:00',27.99,'EUR',0,128),(501,124,127,'2018-01-16T10:05:00','2018-01-16T11:05:00',37.99,'EUR',0,996),(502,125,128,'2018-01-12T17:45:00','2018-01-12T18:50:00',48,'SEK',0,453),(503,126,115,'2018-01-14T17:05:00','2018-01-14T18:30:00',14.7,'EUR',0,625),(504,126,255,'2018-01-13T19:50:00','2018-01-13T22:10:00',40.99,'EUR',0,645),(505,127,196,'2018-01-14T16:10:00','2018-01-14T18:20:00',369,'MAD',0,637),(506,127,157,'2018-01-16T06:45:00','2018-01-16T11:20:00',399,'MAD',0,968),(507,127,233,'2018-01-14T07:00:00','2018-01-14T11:05:00',399,'MAD',0,671),(508,127,175,'2018-01-18T18:35:00','2018-01-18T22:50:00',549,'MAD',0,293),(509,127,179,'2018-01-14T18:05:00','2018-01-14T22:30:00',549,'MAD',0,900),(510,127,132,'2018-01-18T08:10:00','2018-01-18T12:40:00',649,'MAD',0,813),(511,127,206,'2018-01-19T07:10:00','2018-01-19T11:35:00',669,'MAD',0,198),(512,127,261,'2018-01-19T06:50:00','2018-01-19T10:10:00',669,'MAD',0,991),(513,127,199,'2018-01-13T20:35:00','2018-01-13T23:30:00',729,'MAD',0,548),(514,127,124,'2018-01-13T06:35:00','2018-01-13T09:40:00',729,'MAD',0,402),(515,127,236,'2018-01-13T16:30:00','2018-01-13T20:30:00',759,'MAD',0,16),(516,127,155,'2018-01-17T15:10:00','2018-01-17T18:30:00',819,'MAD',0,141),(517,127,62,'2018-01-19T13:00:00','2018-01-19T16:20:00',819,'MAD',0,944),(518,127,256,'2018-01-16T11:40:00','2018-01-16T14:20:00',829,'MAD',0,463),(519,127,169,'2018-01-18T07:50:00','2018-01-18T11:20:00',1029,'MAD',0,713),(520,127,86,'2018-01-11T14:05:00','2018-01-11T17:55:00',1229,'MAD',0,414),(521,128,158,'2018-01-15T13:30:00','2018-01-15T14:50:00',5,'PLN',0,627),(522,128,247,'2018-01-17T13:00:00','2018-01-17T14:35:00',5,'PLN',0,251),(523,128,239,'2018-01-11T13:00:00','2018-01-11T14:15:00',19,'PLN',0,964),(524,128,125,'2018-01-12T16:15:00','2018-01-12T17:20:00',19,'PLN',0,551),(525,128,189,'2018-01-17T21:10:00','2018-01-17T22:20:00',34,'PLN',0,502),(526,128,227,'2018-01-11T13:40:00','2018-01-11T14:45:00',34,'PLN',0,553),(527,128,155,'2018-01-17T22:20:00','2018-01-17T23:40:00',39,'PLN',0,267),(528,128,61,'2018-01-11T09:35:00','2018-01-11T14:55:00',56,'PLN',0,473),(529,128,178,'2018-01-13T21:00:00','2018-01-13T23:05:00',65,'PLN',0,833),(530,128,264,'2018-01-12T06:05:00','2018-01-12T11:10:00',94,'PLN',0,428),(531,128,181,'2018-01-17T13:00:00','2018-01-17T14:35:00',119,'PLN',0,235),(532,128,63,'2018-01-17T13:10:00','2018-01-17T14:35:00',119,'PLN',0,160),(533,128,191,'2018-01-17T17:20:00','2018-01-17T19:00:00',139,'PLN',0,792),(534,128,200,'2018-01-14T20:00:00','2018-01-14T23:15:00',139,'PLN',0,641),(535,128,107,'2018-01-16T16:45:00','2018-01-16T18:15:00',159,'PLN',0,635),(536,128,268,'2018-01-19T11:35:00','2018-01-19T13:30:00',239,'PLN',0,909),(537,129,155,'2018-01-17T21:40:00','2018-01-17T22:50:00',39,'PLN',0,127),(538,129,61,'2018-01-19T07:55:00','2018-01-19T13:10:00',56,'PLN',0,313),(539,129,177,'2018-01-17T15:25:00','2018-01-17T16:45:00',139,'PLN',0,178),(540,129,256,'2018-01-15T09:55:00','2018-01-15T13:15:00',139,'PLN',0,766),(541,129,187,'2018-01-11T12:00:00','2018-01-11T15:15:00',149,'PLN',0,633),(542,129,264,'2018-01-11T15:15:00','2018-01-11T20:10:00',149,'PLN',0,394),(543,129,200,'2018-01-15T19:45:00','2018-01-15T22:35:00',159,'PLN',0,751),(544,129,52,'2018-01-15T07:00:00','2018-01-15T08:25:00',209,'PLN',0,190),(545,129,145,'2018-01-20T10:40:00','2018-01-20T12:05:00',209,'PLN',0,509),(546,129,268,'2018-01-19T13:35:00','2018-01-19T15:15:00',329,'PLN',0,170),(547,131,205,'2018-01-17T13:40:00','2018-01-17T14:45:00',14.67,'EUR',0,124),(548,131,178,'2018-01-18T08:50:00','2018-01-18T10:15:00',26.39,'EUR',0,224),(549,131,122,'2018-01-18T08:35:00','2018-01-18T09:50:00',28.59,'EUR',0,331),(550,132,77,'2018-01-11T07:40:00','2018-01-11T10:50:00',2.99,'EUR',0,200),(551,132,163,'2018-01-14T11:55:00','2018-01-14T15:05:00',7.99,'EUR',0,394),(552,132,178,'2018-01-15T10:15:00','2018-01-15T11:50:00',9.79,'EUR',0,762),(553,132,61,'2018-01-12T13:05:00','2018-01-12T18:40:00',9.99,'EUR',0,361),(554,132,155,'2018-01-14T10:10:00','2018-01-14T10:30:00',9.99,'EUR',0,714),(555,132,188,'2018-01-11T17:25:00','2018-01-11T19:50:00',9.99,'EUR',0,400),(556,132,52,'2018-01-20T14:35:00','2018-01-20T15:15:00',12.99,'EUR',0,833),(557,132,114,'2018-01-14T17:00:00','2018-01-14T19:30:00',12.99,'EUR',0,110),(558,132,139,'2018-01-12T07:00:00','2018-01-12T09:20:00',14.7,'EUR',0,747),(559,132,267,'2018-01-17T17:15:00','2018-01-17T19:50:00',14.7,'EUR',0,52),(560,132,187,'2018-01-14T07:20:00','2018-01-14T10:00:00',14.99,'EUR',0,132),(561,132,118,'2018-01-14T15:00:00','2018-01-14T18:00:00',14.99,'EUR',0,625),(562,132,194,'2018-01-16T13:20:00','2018-01-16T15:25:00',14.99,'EUR',0,28),(563,132,83,'2018-01-15T19:10:00','2018-01-15T21:15:00',19.99,'EUR',0,108),(564,132,154,'2018-01-18T07:00:00','2018-01-18T10:25:00',19.99,'EUR',0,468),(565,132,184,'2018-01-11T06:30:00','2018-01-11T09:55:00',21.99,'EUR',0,738),(566,133,199,'2018-01-17T21:50:00','2018-01-17T23:20:00',9.79,'EUR',0,884),(567,133,175,'2018-01-14T14:30:00','2018-01-14T16:00:00',9.79,'EUR',0,198),(568,133,200,'2018-01-12T22:25:00','2018-01-13T00:25:00',12.74,'EUR',0,172),(569,133,139,'2018-01-11T17:45:00','2018-01-11T19:25:00',14.67,'EUR',0,612),(570,133,242,'2018-01-11T12:25:00','2018-01-11T14:10:00',14.67,'EUR',0,270),(571,133,123,'2018-01-11T17:55:00','2018-01-11T19:45:00',14.67,'EUR',0,11),(572,133,267,'2018-01-11T20:20:00','2018-01-11T22:00:00',14.67,'EUR',0,962),(573,133,114,'2018-01-15T13:55:00','2018-01-15T15:45:00',14.7,'EUR',0,273),(574,133,155,'2018-01-17T10:15:00','2018-01-17T11:15:00',26.99,'EUR',0,338),(575,133,268,'2018-01-13T19:00:00','2018-01-13T20:25:00',64.99,'EUR',0,443),(576,134,236,'2018-01-14T10:45:00','2018-01-14T14:25:00',859,'MAD',0,268),(577,134,62,'2018-01-19T10:40:00','2018-01-19T13:50:00',989,'MAD',0,466),(578,134,175,'2018-01-17T08:55:00','2018-01-17T13:05:00',1069,'MAD',0,848),(579,135,155,'2018-01-18T15:35:00','2018-01-18T16:20:00',27.99,'EUR',0,131),(580,136,175,'2018-01-14T16:40:00','2018-01-14T19:20:00',9.99,'GBP',0,487),(581,136,258,'2018-01-15T14:20:00','2018-01-15T15:05:00',9.99,'GBP',0,74),(582,136,268,'2018-01-11T08:40:00','2018-01-11T09:45:00',9.99,'GBP',0,100),(583,136,172,'2018-01-12T08:10:00','2018-01-12T11:05:00',9.99,'GBP',0,286),(584,136,187,'2018-01-14T18:00:00','2018-01-14T22:05:00',12.99,'GBP',0,196),(585,136,118,'2018-01-13T18:50:00','2018-01-13T23:05:00',12.99,'GBP',0,579),(586,136,214,'2018-01-17T14:10:00','2018-01-17T17:20:00',14.99,'GBP',0,31),(587,136,189,'2018-01-14T09:10:00','2018-01-14T12:55:00',14.99,'GBP',0,899),(588,136,144,'2018-01-19T20:25:00','2018-01-19T23:25:00',14.99,'GBP',0,951),(589,136,256,'2018-01-13T09:10:00','2018-01-13T13:05:00',14.99,'GBP',0,494),(590,136,89,'2018-01-17T18:30:00','2018-01-18T00:05:00',14.99,'GBP',0,543),(591,136,114,'2018-01-15T06:30:00','2018-01-15T10:25:00',14.99,'GBP',0,443),(592,136,231,'2018-01-11T16:40:00','2018-01-11T20:15:00',14.99,'GBP',0,840),(593,136,227,'2018-01-12T16:40:00','2018-01-12T20:10:00',14.99,'GBP',0,481),(594,136,154,'2018-01-16T12:15:00','2018-01-16T16:45:00',21.98,'GBP',0,158),(595,136,240,'2018-01-20T17:10:00','2018-01-20T21:50:00',60.99,'GBP',0,959),(596,137,199,'2018-01-18T09:30:00','2018-01-18T13:55:00',24.64,'EUR',0,652),(597,137,256,'2018-01-16T09:15:00','2018-01-16T13:10:00',41.64,'EUR',0,918),(598,139,206,'2018-01-16T21:25:00','2018-01-16T23:40:00',9.79,'EUR',0,592),(599,139,45,'2018-01-11T14:35:00','2018-01-11T15:45:00',12.71,'EUR',0,963),(600,139,159,'2018-01-17T09:45:00','2018-01-17T11:10:00',12.71,'EUR',0,156),(601,139,99,'2018-01-13T19:50:00','2018-01-13T21:15:00',12.71,'EUR',0,997),(602,139,175,'2018-01-20T09:50:00','2018-01-20T12:20:00',12.74,'EUR',0,910),(603,139,85,'2018-01-15T13:00:00','2018-01-15T14:55:00',12.74,'EUR',0,979),(604,139,122,'2018-01-13T22:05:00','2018-01-13T23:30:00',14.67,'EUR',0,691),(605,139,75,'2018-01-16T16:15:00','2018-01-16T17:45:00',14.67,'EUR',0,53),(606,139,195,'2018-01-15T20:15:00','2018-01-15T21:50:00',14.67,'EUR',0,515),(607,139,205,'2018-01-12T21:35:00','2018-01-12T23:00:00',14.67,'EUR',0,623),(608,139,133,'2018-01-16T09:45:00','2018-01-16T11:30:00',14.67,'EUR',0,989),(609,139,196,'2018-01-15T19:55:00','2018-01-15T23:10:00',19.6,'EUR',0,711),(610,139,236,'2018-01-18T14:00:00','2018-01-18T16:40:00',26.99,'EUR',0,321),(611,139,178,'2018-01-13T19:50:00','2018-01-13T21:30:00',28.59,'EUR',0,51),(612,139,256,'2018-01-18T10:15:00','2018-01-18T13:05:00',28.99,'EUR',0,918),(613,139,200,'2018-01-14T21:40:00','2018-01-14T22:55:00',28.99,'EUR',0,625),(614,140,116,'2018-01-11T06:55:00','2018-01-11T08:30:00',14.7,'EUR',0,143),(615,140,45,'2018-01-11T21:40:00','2018-01-11T23:50:00',14.7,'EUR',0,307),(616,140,99,'2018-01-14T13:05:00','2018-01-14T14:40:00',14.7,'EUR',0,629),(617,140,199,'2018-01-16T08:55:00','2018-01-16T11:05:00',14.99,'EUR',0,5),(618,140,214,'2018-01-16T21:30:00','2018-01-16T23:00:00',14.99,'EUR',0,477),(619,140,268,'2018-01-11T09:50:00','2018-01-11T10:40:00',14.99,'EUR',0,544),(620,140,144,'2018-01-14T07:00:00','2018-01-14T08:50:00',14.99,'EUR',0,385),(621,140,256,'2018-01-11T17:10:00','2018-01-11T19:40:00',14.99,'EUR',0,905),(622,140,200,'2018-01-11T20:10:00','2018-01-11T23:00:00',14.99,'EUR',0,596),(623,140,115,'2018-01-17T07:25:00','2018-01-17T08:55:00',14.99,'EUR',0,355),(624,140,114,'2018-01-17T11:00:00','2018-01-17T13:20:00',14.99,'EUR',0,242),(625,140,187,'2018-01-16T07:00:00','2018-01-16T09:30:00',19.99,'EUR',0,228),(626,140,118,'2018-01-13T07:05:00','2018-01-13T10:00:00',19.99,'EUR',0,94),(627,140,201,'2018-01-12T07:00:00','2018-01-12T12:10:00',24.99,'EUR',0,499),(628,141,123,'2018-01-11T21:30:00','2018-01-11T22:55:00',14.67,'EUR',0,592),(629,141,155,'2018-01-17T11:35:00','2018-01-17T13:05:00',33.99,'EUR',0,714),(630,142,196,'2018-01-14T11:40:00','2018-01-14T12:55:00',10.99,'EUR',0,820),(631,142,199,'2018-01-17T13:30:00','2018-01-17T14:50:00',19.04,'EUR',0,88),(632,143,66,'2018-01-11T19:45:00','2018-01-11T21:00:00',85.32,'PLN',0,541),(633,144,206,'2018-01-17T12:50:00','2018-01-17T16:50:00',9.99,'EUR',0,769),(634,144,115,'2018-01-11T12:35:00','2018-01-11T13:35:00',12.99,'EUR',0,412),(635,144,62,'2018-01-16T06:25:00','2018-01-16T09:45:00',14.7,'EUR',0,917),(636,144,124,'2018-01-15T11:35:00','2018-01-15T14:30:00',14.7,'EUR',0,997),(637,144,175,'2018-01-16T12:00:00','2018-01-16T15:40:00',14.99,'EUR',0,820),(638,144,100,'2018-01-18T06:45:00','2018-01-18T10:45:00',14.99,'EUR',0,514),(639,144,166,'2018-01-20T17:00:00','2018-01-20T20:45:00',14.99,'EUR',0,6),(640,144,98,'2018-01-16T10:00:00','2018-01-16T11:25:00',14.99,'EUR',0,341),(641,144,57,'2018-01-17T10:30:00','2018-01-17T14:30:00',19.6,'EUR',0,68),(642,144,172,'2018-01-19T16:55:00','2018-01-19T21:05:00',19.99,'EUR',0,101),(643,144,101,'2018-01-14T14:10:00','2018-01-14T15:50:00',27.99,'EUR',0,534),(644,144,236,'2018-01-16T06:15:00','2018-01-16T09:50:00',29.99,'EUR',0,577),(645,144,140,'2018-01-16T09:15:00','2018-01-16T13:05:00',31.99,'EUR',0,888),(646,144,213,'2018-01-19T16:00:00','2018-01-19T20:25:00',31.99,'EUR',0,250),(647,144,189,'2018-01-19T06:45:00','2018-01-19T11:40:00',31.99,'EUR',0,357),(648,144,231,'2018-01-15T15:50:00','2018-01-15T20:55:00',33.99,'EUR',0,861),(649,145,258,'2018-01-11T10:10:00','2018-01-11T11:15:00',9.99,'GBP',0,860),(650,145,268,'2018-01-11T19:30:00','2018-01-11T20:25:00',9.99,'GBP',0,119),(651,145,215,'2018-01-11T14:10:00','2018-01-11T15:20:00',9.99,'GBP',0,934),(652,145,116,'2018-01-11T12:30:00','2018-01-11T15:40:00',9.99,'GBP',0,416),(653,145,231,'2018-01-14T06:50:00','2018-01-14T10:20:00',9.99,'GBP',0,397),(654,145,199,'2018-01-14T13:25:00','2018-01-14T16:45:00',14.99,'GBP',0,864),(655,145,112,'2018-01-20T08:30:00','2018-01-20T09:45:00',14.99,'GBP',0,69),(656,145,189,'2018-01-11T19:45:00','2018-01-11T23:15:00',14.99,'GBP',0,920),(657,145,115,'2018-01-15T13:25:00','2018-01-15T15:50:00',14.99,'GBP',0,176),(658,145,129,'2018-01-13T07:00:00','2018-01-13T10:15:00',14.99,'GBP',0,711),(659,145,66,'2018-01-11T14:40:00','2018-01-11T17:40:00',14.99,'GBP',0,97),(660,145,44,'2018-01-11T16:10:00','2018-01-11T21:00:00',14.99,'GBP',0,592),(661,145,187,'2018-01-14T18:30:00','2018-01-14T22:15:00',19.99,'GBP',0,175),(662,145,83,'2018-01-19T17:55:00','2018-01-19T20:50:00',19.99,'GBP',0,428),(663,145,118,'2018-01-14T07:50:00','2018-01-14T11:45:00',19.99,'GBP',0,248),(664,145,253,'2018-01-15T14:10:00','2018-01-15T17:20:00',21.99,'GBP',0,386),(665,148,178,'2018-01-17T19:30:00','2018-01-17T21:25:00',12.74,'EUR',0,890),(666,148,175,'2018-01-17T19:25:00','2018-01-17T21:30:00',12.99,'EUR',0,997),(667,148,155,'2018-01-16T16:55:00','2018-01-16T18:10:00',29.99,'EUR',0,730),(668,150,179,'2018-01-16T10:50:00','2018-01-16T13:05:00',9.99,'EUR',0,855),(669,150,155,'2018-01-16T15:10:00','2018-01-16T16:35:00',29.99,'EUR',0,469),(670,151,175,'2018-01-11T13:10:00','2018-01-11T14:55:00',25.99,'EUR',0,372),(671,151,155,'2018-01-14T18:05:00','2018-01-14T19:05:00',27.99,'EUR',0,739),(672,152,83,'2018-01-17T17:20:00','2018-01-17T20:00:00',14.99,'GBP',0,528),(673,152,200,'2018-01-11T14:10:00','2018-01-11T18:25:00',14.99,'GBP',0,852),(674,152,189,'2018-01-15T10:55:00','2018-01-15T14:25:00',29.99,'GBP',0,831),(675,152,187,'2018-01-13T10:55:00','2018-01-13T14:25:00',35.99,'GBP',0,975),(676,152,67,'2018-01-17T10:15:00','2018-01-17T14:25:00',39.99,'GBP',0,860),(677,152,118,'2018-01-11T12:25:00','2018-01-11T16:00:00',46.99,'GBP',0,709),(678,153,75,'2018-01-15T11:45:00','2018-01-15T12:40:00',12.71,'EUR',0,569),(679,153,205,'2018-01-17T14:35:00','2018-01-17T16:00:00',14.67,'EUR',0,451),(680,153,178,'2018-01-19T22:35:00','2018-01-20T00:15:00',19.55,'EUR',0,129),(681,153,175,'2018-01-15T18:55:00','2018-01-15T21:35:00',28.99,'EUR',0,889),(682,153,122,'2018-01-17T17:35:00','2018-01-17T19:05:00',34.09,'EUR',0,878),(683,154,63,'2018-01-16T07:20:00','2018-01-16T11:40:00',14.99,'EUR',0,350),(684,154,245,'2018-01-16T11:40:00','2018-01-16T15:55:00',19.99,'EUR',0,955),(685,154,155,'2018-01-17T12:05:00','2018-01-17T16:20:00',19.99,'EUR',0,376),(686,154,196,'2018-01-19T18:20:00','2018-01-19T21:25:00',19.99,'EUR',0,452),(687,154,181,'2018-01-17T11:30:00','2018-01-17T15:45:00',21.99,'EUR',0,429),(688,154,177,'2018-01-17T18:00:00','2018-01-17T22:00:00',21.99,'EUR',0,505),(689,154,206,'2018-01-20T18:30:00','2018-01-20T23:55:00',21.99,'EUR',0,201),(690,154,172,'2018-01-17T10:40:00','2018-01-17T16:15:00',21.99,'EUR',0,106),(691,154,220,'2018-01-20T11:15:00','2018-01-20T15:30:00',21.99,'EUR',0,8),(692,154,46,'2018-01-13T07:15:00','2018-01-13T11:45:00',21.99,'EUR',0,771),(693,154,199,'2018-01-18T16:50:00','2018-01-18T20:55:00',24.64,'EUR',0,631),(694,154,214,'2018-01-17T07:10:00','2018-01-17T13:05:00',33.99,'EUR',0,485),(695,154,179,'2018-01-14T07:15:00','2018-01-14T12:35:00',38.99,'EUR',0,894),(696,154,256,'2018-01-16T17:35:00','2018-01-16T21:15:00',41.64,'EUR',0,802),(697,154,114,'2018-01-15T17:25:00','2018-01-15T20:55:00',42.64,'EUR',0,954),(698,154,132,'2018-01-18T11:00:00','2018-01-18T16:25:00',42.99,'EUR',0,118),(699,155,76,'2018-01-11T06:50:00','2018-01-11T09:30:00',4.99,'GBP',0,676),(700,155,222,'2018-01-11T14:50:00','2018-01-11T17:35:00',4.99,'GBP',0,131),(701,155,60,'2018-01-12T07:15:00','2018-01-12T09:35:00',4.99,'GBP',0,622),(702,155,206,'2018-01-11T07:35:00','2018-01-11T10:00:00',4.99,'GBP',0,538),(703,155,185,'2018-01-12T06:25:00','2018-01-12T09:00:00',4.99,'GBP',0,725),(704,155,92,'2018-01-16T08:00:00','2018-01-16T10:55:00',4.99,'GBP',0,199),(705,155,198,'2018-01-11T07:55:00','2018-01-11T10:55:00',4.99,'GBP',0,86),(706,155,247,'2018-01-11T08:35:00','2018-01-11T11:30:00',4.99,'GBP',0,33),(707,155,204,'2018-01-14T13:50:00','2018-01-14T16:20:00',4.99,'GBP',0,859),(708,155,124,'2018-01-15T06:50:00','2018-01-15T09:50:00',4.99,'GBP',0,18),(709,155,158,'2018-01-11T13:10:00','2018-01-11T15:50:00',5.99,'GBP',0,622),(710,155,262,'2018-01-11T06:40:00','2018-01-11T09:50:00',5.99,'GBP',0,5),(711,155,182,'2018-01-11T06:25:00','2018-01-11T09:30:00',5.99,'GBP',0,103),(712,155,239,'2018-01-17T06:30:00','2018-01-17T09:45:00',5.99,'GBP',0,899),(713,155,186,'2018-01-11T14:40:00','2018-01-11T17:10:00',9.99,'GBP',0,633),(714,155,214,'2018-01-15T18:10:00','2018-01-15T21:00:00',9.99,'GBP',0,849),(715,156,155,'2018-01-20T19:05:00','2018-01-20T22:55:00',459,'MAD',0,166),(716,156,175,'2018-01-19T09:45:00','2018-01-19T14:35:00',839,'MAD',0,623),(717,157,61,'2018-01-12T06:30:00','2018-01-12T12:00:00',9.99,'EUR',0,411),(718,157,155,'2018-01-11T19:10:00','2018-01-11T19:40:00',9.99,'EUR',0,709),(719,157,127,'2018-01-13T19:05:00','2018-01-13T21:40:00',12.99,'EUR',0,288),(720,157,118,'2018-01-13T10:50:00','2018-01-13T14:10:00',14.99,'EUR',0,37),(721,157,187,'2018-01-15T20:10:00','2018-01-15T23:05:00',19.99,'EUR',0,85),(722,157,240,'2018-01-17T10:45:00','2018-01-17T13:35:00',26.99,'EUR',0,478),(723,157,44,'2018-01-14T06:40:00','2018-01-14T09:35:00',28.99,'EUR',0,851),(724,157,67,'2018-01-16T11:40:00','2018-01-16T15:45:00',46.99,'EUR',0,704),(725,157,109,'2018-01-11T10:45:00','2018-01-11T13:20:00',48.99,'EUR',0,565),(726,157,184,'2018-01-14T12:10:00','2018-01-14T15:55:00',50.99,'EUR',0,927),(727,158,128,'2018-01-15T15:15:00','2018-01-15T16:35:00',9,'DKK',0,761),(728,158,155,'2018-01-17T14:25:00','2018-01-17T15:10:00',44,'DKK',0,876),(729,159,139,'2018-01-14T21:40:00','2018-01-14T23:00:00',12.71,'EUR',0,581),(730,159,173,'2018-01-15T16:10:00','2018-01-15T17:25:00',12.71,'EUR',0,898),(731,159,123,'2018-01-12T21:50:00','2018-01-12T23:30:00',14.67,'EUR',0,914),(732,159,114,'2018-01-11T14:40:00','2018-01-11T16:55:00',27.99,'EUR',0,783),(733,159,155,'2018-01-12T17:00:00','2018-01-12T18:20:00',67.99,'EUR',0,559),(734,160,114,'2018-01-13T17:30:00','2018-01-13T18:20:00',10.25,'EUR',0,94),(735,160,199,'2018-01-11T22:30:00','2018-01-11T23:25:00',10.33,'EUR',0,191),(736,160,256,'2018-01-11T21:55:00','2018-01-11T23:15:00',10.67,'EUR',0,937),(737,160,118,'2018-01-14T15:10:00','2018-01-14T16:25:00',10.76,'EUR',0,957),(738,160,196,'2018-01-14T20:50:00','2018-01-14T22:15:00',10.79,'EUR',0,112),(739,161,207,'2018-01-17T06:25:00','2018-01-17T07:30:00',14.63,'EUR',0,369),(740,161,162,'2018-01-14T06:55:00','2018-01-14T07:45:00',14.63,'EUR',0,922),(741,161,106,'2018-01-17T15:55:00','2018-01-17T17:40:00',14.7,'EUR',0,839),(742,161,237,'2018-01-11T09:30:00','2018-01-11T11:00:00',14.7,'EUR',0,4),(743,161,172,'2018-01-17T11:30:00','2018-01-17T13:45:00',19.6,'EUR',0,959),(744,161,173,'2018-01-17T21:15:00','2018-01-17T22:15:00',19.6,'EUR',0,923),(745,161,168,'2018-01-17T21:25:00','2018-01-17T22:25:00',27.27,'EUR',0,954),(746,161,89,'2018-01-20T08:35:00','2018-01-20T09:55:00',27.99,'EUR',0,857),(747,161,231,'2018-01-11T17:25:00','2018-01-11T19:10:00',28.99,'EUR',0,520),(748,161,214,'2018-01-20T10:45:00','2018-01-20T12:45:00',35.99,'EUR',0,79),(749,161,189,'2018-01-13T06:10:00','2018-01-13T07:45:00',35.99,'EUR',0,288),(750,161,122,'2018-01-14T09:55:00','2018-01-14T11:20:00',41.99,'EUR',0,569),(751,161,219,'2018-01-17T18:25:00','2018-01-17T19:30:00',42.99,'EUR',0,205),(752,161,260,'2018-01-13T16:50:00','2018-01-13T18:05:00',48.99,'EUR',0,575),(753,161,200,'2018-01-16T09:55:00','2018-01-16T10:45:00',49.99,'EUR',0,101),(754,161,175,'2018-01-17T09:30:00','2018-01-17T12:00:00',50.99,'EUR',0,251),(755,162,161,'2018-01-11T16:55:00','2018-01-11T17:45:00',14.63,'EUR',0,335),(756,163,132,'2018-01-14T10:15:00','2018-01-14T11:30:00',7.99,'EUR',0,311),(757,163,178,'2018-01-15T22:55:00','2018-01-15T23:45:00',7.99,'EUR',0,732),(758,163,106,'2018-01-11T07:15:00','2018-01-11T08:20:00',9.98,'EUR',0,467),(759,163,214,'2018-01-17T20:50:00','2018-01-17T21:40:00',9.99,'EUR',0,630),(760,163,175,'2018-01-16T10:15:00','2018-01-16T11:35:00',9.99,'EUR',0,844),(761,163,206,'2018-01-15T10:15:00','2018-01-15T11:20:00',9.99,'EUR',0,69),(762,163,155,'2018-01-17T17:35:00','2018-01-17T18:25:00',21.99,'EUR',0,820),(763,165,155,'2018-01-13T21:25:00','2018-01-13T22:25:00',259,'CZK',0,287),(764,166,199,'2018-01-15T18:05:00','2018-01-15T20:00:00',5.99,'EUR',0,317),(765,166,178,'2018-01-12T09:00:00','2018-01-12T10:15:00',9.79,'EUR',0,398),(766,166,155,'2018-01-13T21:40:00','2018-01-13T22:05:00',9.99,'EUR',0,227),(767,166,144,'2018-01-11T18:10:00','2018-01-11T19:55:00',14.99,'EUR',0,514),(768,166,256,'2018-01-17T16:50:00','2018-01-17T19:00:00',14.99,'EUR',0,994),(769,166,115,'2018-01-11T20:45:00','2018-01-11T22:15:00',14.99,'EUR',0,531),(770,167,239,'2018-01-15T20:20:00','2018-01-15T23:15:00',33.99,'EUR',0,606),(771,167,214,'2018-01-18T10:00:00','2018-01-18T12:10:00',40.99,'EUR',0,238),(772,167,175,'2018-01-15T15:55:00','2018-01-15T18:30:00',47.99,'EUR',0,79),(773,167,155,'2018-01-18T12:50:00','2018-01-18T14:50:00',54.99,'EUR',0,496),(774,168,173,'2018-01-20T16:10:00','2018-01-20T16:50:00',14.7,'EUR',0,583),(775,168,170,'2018-01-16T23:00:00','2018-01-17T00:50:00',14.99,'EUR',0,684),(776,168,161,'2018-01-17T22:50:00','2018-01-17T23:50:00',18.59,'EUR',0,527),(777,168,206,'2018-01-20T20:50:00','2018-01-20T22:35:00',19.99,'EUR',0,810),(778,168,57,'2018-01-11T15:30:00','2018-01-11T16:10:00',28.99,'EUR',0,276),(779,168,100,'2018-01-19T07:35:00','2018-01-19T09:10:00',31.99,'EUR',0,224),(780,168,179,'2018-01-13T16:55:00','2018-01-13T19:00:00',34.99,'EUR',0,600),(781,168,132,'2018-01-18T07:00:00','2018-01-18T09:00:00',37.99,'EUR',0,317),(782,168,233,'2018-01-15T12:45:00','2018-01-15T14:00:00',37.99,'EUR',0,149),(783,168,214,'2018-01-20T10:55:00','2018-01-20T12:25:00',40.99,'EUR',0,390),(784,168,175,'2018-01-15T20:05:00','2018-01-15T22:05:00',48.99,'EUR',0,60),(785,168,241,'2018-01-17T17:45:00','2018-01-17T19:30:00',64.99,'EUR',0,849),(786,168,155,'2018-01-19T22:10:00','2018-01-19T23:35:00',103.99,'EUR',0,450),(787,168,178,'2018-01-15T07:40:00','2018-01-15T08:50:00',250.99,'EUR',0,241),(788,169,52,'2018-01-15T14:25:00','2018-01-15T15:15:00',27.99,'EUR',0,4),(789,169,62,'2018-01-16T18:10:00','2018-01-16T19:40:00',37.39,'EUR',0,523),(790,169,127,'2018-01-14T11:45:00','2018-01-14T13:15:00',54.99,'EUR',0,748),(791,169,268,'2018-01-14T16:20:00','2018-01-14T17:05:00',60.99,'EUR',0,331),(792,170,264,'2018-01-19T06:10:00','2018-01-19T07:20:00',12.99,'EUR',0,514),(793,170,155,'2018-01-17T06:10:00','2018-01-17T09:10:00',42.99,'EUR',0,294),(794,170,168,'2018-01-16T20:30:00','2018-01-16T22:35:00',47.99,'EUR',0,665),(795,171,155,'2018-01-17T21:05:00','2018-01-17T21:55:00',9.99,'EUR',0,369),(796,172,136,'2018-01-13T06:40:00','2018-01-13T07:40:00',9.99,'EUR',0,490),(797,172,189,'2018-01-11T11:05:00','2018-01-11T12:40:00',9.99,'EUR',0,529),(798,172,155,'2018-01-17T18:50:00','2018-01-17T19:25:00',9.99,'EUR',0,946),(799,172,107,'2018-01-16T13:55:00','2018-01-16T14:50:00',9.99,'EUR',0,288),(800,172,178,'2018-01-16T18:30:00','2018-01-16T19:50:00',9.99,'EUR',0,273),(801,172,205,'2018-01-13T13:45:00','2018-01-13T15:15:00',9.99,'EUR',0,718),(802,172,124,'2018-01-14T14:30:00','2018-01-14T16:15:00',9.99,'EUR',0,685),(803,172,99,'2018-01-11T13:45:00','2018-01-11T15:05:00',9.99,'EUR',0,848),(804,172,242,'2018-01-13T11:25:00','2018-01-13T13:35:00',14.7,'EUR',0,902),(805,172,199,'2018-01-16T17:20:00','2018-01-16T19:40:00',14.99,'EUR',0,146),(806,172,83,'2018-01-11T15:30:00','2018-01-11T17:55:00',14.99,'EUR',0,615),(807,172,144,'2018-01-16T06:30:00','2018-01-16T08:35:00',14.99,'EUR',0,92),(808,172,256,'2018-01-17T16:40:00','2018-01-17T19:15:00',14.99,'EUR',0,167),(809,172,118,'2018-01-17T15:30:00','2018-01-17T18:35:00',14.99,'EUR',0,282),(810,172,115,'2018-01-11T06:30:00','2018-01-11T08:20:00',14.99,'EUR',0,90),(811,172,196,'2018-01-11T07:30:00','2018-01-11T10:25:00',14.99,'EUR',0,932),(812,173,62,'2018-01-16T07:30:00','2018-01-16T08:55:00',9.79,'EUR',0,911),(813,173,75,'2018-01-16T08:20:00','2018-01-16T09:30:00',12.71,'EUR',0,885),(814,173,159,'2018-01-15T14:30:00','2018-01-15T15:45:00',12.71,'EUR',0,594),(815,173,106,'2018-01-11T06:30:00','2018-01-11T09:35:00',12.74,'EUR',0,901),(816,173,89,'2018-01-11T08:00:00','2018-01-11T10:50:00',12.74,'EUR',0,418),(817,173,238,'2018-01-12T11:35:00','2018-01-12T12:50:00',14.67,'EUR',0,348),(818,173,85,'2018-01-16T12:50:00','2018-01-16T14:35:00',14.69,'EUR',0,330),(819,173,260,'2018-01-11T19:35:00','2018-01-11T21:15:00',14.7,'EUR',0,642),(820,173,175,'2018-01-11T09:30:00','2018-01-11T11:40:00',14.7,'EUR',0,74),(821,173,219,'2018-01-17T06:50:00','2018-01-17T08:30:00',14.7,'EUR',0,585),(822,173,206,'2018-01-13T07:40:00','2018-01-13T09:40:00',14.7,'EUR',0,755),(823,173,189,'2018-01-14T18:20:00','2018-01-14T20:25:00',14.7,'EUR',0,8),(824,173,155,'2018-01-17T10:20:00','2018-01-17T12:05:00',14.7,'EUR',0,935),(825,173,200,'2018-01-13T07:20:00','2018-01-13T08:50:00',14.7,'EUR',0,856),(826,173,168,'2018-01-12T06:40:00','2018-01-12T09:25:00',14.7,'EUR',0,698),(827,173,231,'2018-01-11T12:15:00','2018-01-11T14:35:00',14.7,'EUR',0,749),(828,174,155,'2018-01-11T21:10:00','2018-01-11T22:45:00',12.99,'EUR',0,263),(829,174,107,'2018-01-17T10:20:00','2018-01-17T11:35:00',12.99,'EUR',0,288),(830,174,250,'2018-01-13T18:15:00','2018-01-13T19:45:00',14.99,'EUR',0,52),(831,174,231,'2018-01-17T13:40:00','2018-01-17T17:40:00',14.99,'EUR',0,646),(832,174,227,'2018-01-12T10:00:00','2018-01-12T13:45:00',29.99,'EUR',0,568),(833,174,176,'2018-01-18T15:35:00','2018-01-18T20:50:00',41.99,'EUR',0,478),(834,174,118,'2018-01-13T15:00:00','2018-01-13T18:55:00',42.99,'EUR',0,906),(835,174,184,'2018-01-14T06:20:00','2018-01-14T10:30:00',53.99,'EUR',0,586),(836,174,154,'2018-01-14T07:35:00','2018-01-14T11:35:00',53.99,'EUR',0,222),(837,174,189,'2018-01-15T17:00:00','2018-01-15T21:00:00',59.99,'EUR',0,500),(838,174,67,'2018-01-20T06:50:00','2018-01-20T11:05:00',83.99,'EUR',0,358),(839,175,95,'2018-01-13T17:10:00','2018-01-13T19:05:00',9.79,'EUR',0,532),(840,175,53,'2018-01-11T10:30:00','2018-01-11T12:10:00',9.79,'EUR',0,220),(841,175,62,'2018-01-11T12:00:00','2018-01-11T13:40:00',9.79,'EUR',0,842),(842,175,205,'2018-01-14T07:05:00','2018-01-14T08:50:00',9.79,'EUR',0,207),(843,175,133,'2018-01-15T10:50:00','2018-01-15T12:20:00',9.79,'EUR',0,554),(844,175,82,'2018-01-11T15:50:00','2018-01-11T19:45:00',9.98,'EUR',0,263),(845,175,199,'2018-01-16T14:40:00','2018-01-16T16:45:00',9.99,'EUR',0,263),(846,175,106,'2018-01-11T09:10:00','2018-01-11T12:55:00',9.99,'EUR',0,167),(847,175,219,'2018-01-11T09:25:00','2018-01-11T11:25:00',9.99,'EUR',0,92),(848,175,52,'2018-01-15T21:45:00','2018-01-15T22:30:00',9.99,'EUR',0,931),(849,175,61,'2018-01-11T06:50:00','2018-01-11T12:40:00',9.99,'EUR',0,366),(850,175,136,'2018-01-14T19:45:00','2018-01-14T20:25:00',9.99,'EUR',0,248),(851,175,109,'2018-01-11T19:50:00','2018-01-11T22:00:00',9.99,'EUR',0,390),(852,175,229,'2018-01-12T15:10:00','2018-01-12T19:05:00',9.99,'EUR',0,337),(853,175,269,'2018-01-12T12:10:00','2018-01-12T14:05:00',9.99,'EUR',0,692),(854,175,163,'2018-01-11T12:00:00','2018-01-11T15:15:00',9.99,'EUR',0,466),(855,176,57,'2018-01-18T17:15:00','2018-01-18T19:00:00',14.7,'EUR',0,623),(856,176,43,'2018-01-19T06:20:00','2018-01-19T06:55:00',16.99,'EUR',0,328),(857,176,61,'2018-01-14T13:00:00','2018-01-14T17:25:00',29.99,'EUR',0,484),(858,176,220,'2018-01-17T15:15:00','2018-01-17T16:05:00',33.99,'EUR',0,109),(859,176,155,'2018-01-12T06:40:00','2018-01-12T07:20:00',53.99,'EUR',0,572),(860,176,177,'2018-01-15T20:55:00','2018-01-15T21:50:00',59.99,'EUR',0,7),(861,176,187,'2018-01-16T14:25:00','2018-01-16T17:15:00',69.99,'EUR',0,895),(862,176,268,'2018-01-15T15:30:00','2018-01-15T16:50:00',81.99,'EUR',0,359),(863,176,174,'2018-01-18T21:15:00','2018-01-18T22:50:00',103.99,'EUR',0,834),(864,177,190,'2018-01-14T12:20:00','2018-01-14T14:55:00',9.99,'GBP',0,48),(865,177,268,'2018-01-11T08:05:00','2018-01-11T09:10:00',9.99,'GBP',0,285),(866,177,200,'2018-01-17T19:20:00','2018-01-17T23:35:00',14.99,'GBP',0,210),(867,177,178,'2018-01-20T16:15:00','2018-01-20T19:20:00',14.99,'GBP',0,446),(868,177,96,'2018-01-11T07:05:00','2018-01-11T10:20:00',14.99,'GBP',0,59),(869,177,128,'2018-01-15T06:40:00','2018-01-15T10:05:00',19.99,'GBP',0,421),(870,177,117,'2018-01-15T06:30:00','2018-01-15T10:15:00',19.99,'GBP',0,241),(871,177,231,'2018-01-11T18:10:00','2018-01-11T21:40:00',23.99,'GBP',0,520),(872,177,221,'2018-01-13T06:00:00','2018-01-13T10:10:00',24.99,'GBP',0,37),(873,177,189,'2018-01-17T09:05:00','2018-01-17T12:40:00',24.99,'GBP',0,882),(874,177,129,'2018-01-13T13:20:00','2018-01-13T16:30:00',24.99,'GBP',0,22),(875,177,227,'2018-01-17T07:30:00','2018-01-17T10:45:00',24.99,'GBP',0,921),(876,177,176,'2018-01-15T15:40:00','2018-01-15T20:30:00',26.99,'GBP',0,760),(877,177,219,'2018-01-13T19:35:00','2018-01-13T23:05:00',28.99,'GBP',0,662),(878,177,187,'2018-01-17T06:30:00','2018-01-17T10:00:00',30.99,'GBP',0,600),(879,177,83,'2018-01-18T07:00:00','2018-01-18T09:40:00',30.99,'GBP',0,305),(880,178,229,'2018-01-14T17:30:00','2018-01-14T20:40:00',7.83,'EUR',0,838),(881,178,163,'2018-01-13T09:35:00','2018-01-13T12:20:00',7.83,'EUR',0,13),(882,178,199,'2018-01-16T21:50:00','2018-01-16T23:30:00',9.79,'EUR',0,792),(883,178,222,'2018-01-16T15:10:00','2018-01-16T16:50:00',9.79,'EUR',0,834),(884,178,260,'2018-01-17T10:35:00','2018-01-17T12:00:00',9.79,'EUR',0,19),(885,178,106,'2018-01-11T07:05:00','2018-01-11T10:20:00',9.79,'EUR',0,859),(886,178,132,'2018-01-15T12:15:00','2018-01-15T13:55:00',9.79,'EUR',0,766),(887,178,172,'2018-01-16T20:15:00','2018-01-16T21:40:00',9.79,'EUR',0,717),(888,178,166,'2018-01-12T07:10:00','2018-01-12T08:25:00',9.79,'EUR',0,249),(889,178,85,'2018-01-11T09:00:00','2018-01-11T10:15:00',9.79,'EUR',0,678),(890,178,77,'2018-01-13T19:20:00','2018-01-13T22:10:00',9.79,'EUR',0,703),(891,178,208,'2018-01-18T12:30:00','2018-01-18T14:05:00',9.79,'EUR',0,334),(892,178,231,'2018-01-11T21:10:00','2018-01-11T23:15:00',9.79,'EUR',0,958),(893,178,190,'2018-01-11T06:50:00','2018-01-11T08:20:00',12.74,'EUR',0,630),(894,178,148,'2018-01-12T14:40:00','2018-01-12T16:35:00',12.74,'EUR',0,165),(895,178,131,'2018-01-11T07:05:00','2018-01-11T08:25:00',14.67,'EUR',0,30),(896,179,150,'2018-01-11T07:55:00','2018-01-11T10:05:00',9.99,'EUR',0,989),(897,179,231,'2018-01-15T17:35:00','2018-01-15T19:25:00',9.99,'EUR',0,841),(898,179,99,'2018-01-20T18:35:00','2018-01-20T20:10:00',12.74,'EUR',0,173),(899,179,52,'2018-01-14T11:15:00','2018-01-14T11:55:00',12.99,'EUR',0,881),(900,179,109,'2018-01-14T17:05:00','2018-01-14T19:20:00',12.99,'EUR',0,636),(901,179,89,'2018-01-11T12:35:00','2018-01-11T16:15:00',12.99,'EUR',0,169),(902,179,242,'2018-01-13T16:40:00','2018-01-13T19:10:00',14.7,'EUR',0,891),(903,179,57,'2018-01-12T19:40:00','2018-01-12T22:00:00',14.7,'EUR',0,625),(904,179,173,'2018-01-11T07:25:00','2018-01-11T09:30:00',14.7,'EUR',0,241),(905,179,168,'2018-01-13T19:40:00','2018-01-13T23:30:00',14.7,'EUR',0,490),(906,179,268,'2018-01-17T11:55:00','2018-01-17T12:45:00',14.99,'EUR',0,230),(907,179,189,'2018-01-15T12:45:00','2018-01-15T14:35:00',14.99,'EUR',0,700),(908,179,155,'2018-01-13T15:05:00','2018-01-13T15:15:00',14.99,'EUR',0,943),(909,179,256,'2018-01-13T16:55:00','2018-01-13T19:25:00',14.99,'EUR',0,539),(910,179,118,'2018-01-15T16:10:00','2018-01-15T19:05:00',14.99,'EUR',0,683),(911,179,200,'2018-01-20T11:25:00','2018-01-20T14:20:00',14.99,'EUR',0,821),(912,180,245,'2018-01-18T21:20:00','2018-01-18T22:00:00',14.7,'EUR',0,200),(913,180,155,'2018-01-17T16:45:00','2018-01-17T17:25:00',26.99,'EUR',0,573),(914,180,107,'2018-01-18T16:50:00','2018-01-18T17:35:00',26.99,'EUR',0,155),(915,181,268,'2018-01-11T12:15:00','2018-01-11T13:25:00',9.99,'GBP',0,804),(916,181,199,'2018-01-16T15:50:00','2018-01-16T19:05:00',14.99,'GBP',0,905),(917,181,262,'2018-01-18T07:10:00','2018-01-18T10:30:00',14.99,'GBP',0,712),(918,181,256,'2018-01-14T12:05:00','2018-01-14T15:30:00',14.99,'GBP',0,599),(919,181,231,'2018-01-15T20:00:00','2018-01-15T23:30:00',14.99,'GBP',0,421),(920,181,187,'2018-01-14T15:55:00','2018-01-14T19:35:00',19.99,'GBP',0,20),(921,181,128,'2018-01-14T09:15:00','2018-01-14T12:35:00',19.99,'GBP',0,615),(922,181,89,'2018-01-16T19:05:00','2018-01-17T00:20:00',19.99,'GBP',0,833),(923,181,44,'2018-01-12T19:10:00','2018-01-12T23:55:00',19.99,'GBP',0,916),(924,181,184,'2018-01-12T06:50:00','2018-01-12T11:00:00',21.99,'GBP',0,916),(925,181,154,'2018-01-17T06:45:00','2018-01-17T10:55:00',21.99,'GBP',0,264),(926,181,118,'2018-01-12T15:10:00','2018-01-12T19:05:00',21.99,'GBP',0,966),(927,181,221,'2018-01-15T06:30:00','2018-01-15T10:55:00',24.99,'GBP',0,416),(928,181,237,'2018-01-15T16:50:00','2018-01-15T20:15:00',25.99,'GBP',0,765),(929,181,263,'2018-01-13T17:20:00','2018-01-13T20:25:00',25.99,'GBP',0,37),(930,181,260,'2018-01-11T17:05:00','2018-01-11T20:30:00',26.99,'GBP',0,512),(931,182,155,'2018-01-15T21:40:00','2018-01-15T22:50:00',59,'NOK',0,904),(932,182,44,'2018-01-11T08:10:00','2018-01-11T11:05:00',118,'NOK',0,644),(933,183,155,'2018-01-16T15:00:00','2018-01-16T16:00:00',12.99,'EUR',0,891),(934,184,245,'2018-01-18T12:00:00','2018-01-18T16:20:00',21.99,'EUR',0,421),(935,184,199,'2018-01-13T19:45:00','2018-01-13T23:55:00',37.64,'EUR',0,601),(936,184,181,'2018-01-12T11:35:00','2018-01-12T15:50:00',42.99,'EUR',0,269),(937,184,132,'2018-01-18T10:30:00','2018-01-18T16:00:00',42.99,'EUR',0,470),(938,184,52,'2018-01-16T18:00:00','2018-01-16T22:40:00',42.99,'EUR',0,893),(939,184,63,'2018-01-14T17:45:00','2018-01-14T22:10:00',42.99,'EUR',0,560),(940,184,220,'2018-01-20T12:10:00','2018-01-20T16:25:00',42.99,'EUR',0,614),(941,184,155,'2018-01-13T11:05:00','2018-01-13T15:20:00',42.99,'EUR',0,152),(942,184,205,'2018-01-19T18:30:00','2018-01-19T23:30:00',42.99,'EUR',0,116),(943,184,256,'2018-01-18T13:20:00','2018-01-18T17:00:00',50.64,'EUR',0,54),(944,184,157,'2018-01-14T16:30:00','2018-01-14T22:10:00',50.99,'EUR',0,11),(945,184,145,'2018-01-20T18:00:00','2018-01-20T22:20:00',50.99,'EUR',0,595),(946,184,175,'2018-01-20T17:15:00','2018-01-20T22:30:00',55.99,'EUR',0,762),(947,184,235,'2018-01-14T11:10:00','2018-01-14T15:40:00',59.99,'EUR',0,837),(948,184,268,'2018-01-19T19:10:00','2018-01-19T23:30:00',72.99,'EUR',0,725),(949,184,214,'2018-01-20T11:05:00','2018-01-20T17:05:00',74.99,'EUR',0,107),(950,185,155,'2018-01-14T22:35:00','2018-01-14T23:05:00',4.89,'EUR',0,378),(951,186,155,'2018-01-11T17:35:00','2018-01-11T18:15:00',11,'CHF',0,709),(952,186,268,'2018-01-17T13:55:00','2018-01-17T15:15:00',16,'CHF',0,397),(953,187,73,'2018-01-14T07:30:00','2018-01-14T10:00:00',12.99,'EUR',0,296),(954,187,136,'2018-01-18T15:25:00','2018-01-18T17:35:00',12.99,'EUR',0,595),(955,187,246,'2018-01-13T14:35:00','2018-01-13T16:20:00',14.29,'EUR',0,877),(956,187,191,'2018-01-17T21:10:00','2018-01-17T23:15:00',14.99,'EUR',0,206),(957,187,181,'2018-01-17T07:05:00','2018-01-17T08:55:00',14.99,'EUR',0,743),(958,187,245,'2018-01-16T22:00:00','2018-01-16T23:45:00',14.99,'EUR',0,432),(959,187,213,'2018-01-18T16:50:00','2018-01-18T20:00:00',14.99,'EUR',0,497),(960,187,100,'2018-01-16T20:30:00','2018-01-16T23:00:00',14.99,'EUR',0,78),(961,187,233,'2018-01-17T19:50:00','2018-01-17T22:20:00',14.99,'EUR',0,162),(962,187,46,'2018-01-13T08:30:00','2018-01-13T10:35:00',14.99,'EUR',0,831),(963,187,247,'2018-01-16T07:00:00','2018-01-16T10:50:00',14.99,'EUR',0,443),(964,187,55,'2018-01-12T06:45:00','2018-01-12T10:00:00',19.99,'EUR',0,764),(965,187,145,'2018-01-20T20:10:00','2018-01-20T22:05:00',19.99,'EUR',0,367),(966,187,129,'2018-01-11T08:20:00','2018-01-11T11:35:00',19.99,'EUR',0,960),(967,187,172,'2018-01-20T19:45:00','2018-01-20T22:35:00',21.99,'EUR',0,772),(968,187,178,'2018-01-18T13:30:00','2018-01-18T15:40:00',27.99,'EUR',0,177),(969,188,260,'2018-01-19T16:05:00','2018-01-19T17:20:00',23.99,'EUR',0,617),(970,188,132,'2018-01-18T20:15:00','2018-01-18T22:50:00',23.99,'EUR',0,749),(971,188,178,'2018-01-20T13:45:00','2018-01-20T15:35:00',23.99,'EUR',0,585),(972,188,239,'2018-01-20T20:00:00','2018-01-20T22:45:00',32.99,'EUR',0,919),(973,188,214,'2018-01-18T15:00:00','2018-01-18T17:05:00',39.99,'EUR',0,366),(974,189,85,'2018-01-17T12:35:00','2018-01-17T14:00:00',19,'PLN',0,593),(975,189,70,'2018-01-11T10:00:00','2018-01-11T11:35:00',34,'PLN',0,995),(976,189,214,'2018-01-19T10:30:00','2018-01-19T11:45:00',39,'PLN',0,554),(977,189,172,'2018-01-18T13:05:00','2018-01-18T14:40:00',39,'PLN',0,225),(978,189,65,'2018-01-18T19:20:00','2018-01-18T21:15:00',39,'PLN',0,146),(979,189,247,'2018-01-18T11:25:00','2018-01-18T13:35:00',39,'PLN',0,652),(980,189,239,'2018-01-18T09:05:00','2018-01-18T10:55:00',56,'PLN',0,799),(981,189,61,'2018-01-16T07:50:00','2018-01-16T12:35:00',65,'PLN',0,997),(982,189,178,'2018-01-17T12:20:00','2018-01-17T14:10:00',65,'PLN',0,642),(983,189,205,'2018-01-15T21:50:00','2018-01-15T23:50:00',65,'PLN',0,912),(984,189,128,'2018-01-17T19:35:00','2018-01-17T20:45:00',85.32,'PLN',0,494),(985,189,175,'2018-01-19T14:50:00','2018-01-19T16:55:00',109,'PLN',0,945),(986,189,241,'2018-01-14T06:30:00','2018-01-14T08:15:00',109,'PLN',0,261),(987,189,99,'2018-01-13T16:00:00','2018-01-13T17:35:00',109,'PLN',0,994),(988,189,253,'2018-01-14T13:50:00','2018-01-14T14:55:00',119,'PLN',0,878),(989,189,199,'2018-01-18T19:15:00','2018-01-18T22:00:00',129,'PLN',0,115),(990,190,99,'2018-01-16T11:05:00','2018-01-16T12:35:00',9.79,'EUR',0,626),(991,190,199,'2018-01-16T21:25:00','2018-01-16T23:50:00',9.99,'EUR',0,678),(992,190,177,'2018-01-12T11:05:00','2018-01-12T11:45:00',9.99,'EUR',0,447),(993,190,155,'2018-01-15T21:50:00','2018-01-15T22:10:00',9.99,'EUR',0,369),(994,190,107,'2018-01-11T06:55:00','2018-01-11T07:35:00',9.99,'EUR',0,623),(995,190,193,'2018-01-12T13:55:00','2018-01-12T16:00:00',9.99,'EUR',0,944),(996,190,178,'2018-01-11T08:45:00','2018-01-11T10:10:00',12.74,'EUR',0,428),(997,190,231,'2018-01-11T19:55:00','2018-01-11T21:40:00',12.99,'EUR',0,2),(998,190,173,'2018-01-16T06:30:00','2018-01-16T08:30:00',14.7,'EUR',0,433),(999,190,43,'2018-01-15T06:25:00','2018-01-15T07:55:00',14.99,'EUR',0,664),(1000,190,268,'2018-01-16T19:30:00','2018-01-16T20:30:00',14.99,'EUR',0,682),(1001,190,256,'2018-01-14T16:00:00','2018-01-14T18:40:00',14.99,'EUR',0,246),(1002,190,118,'2018-01-14T10:20:00','2018-01-14T13:25:00',14.99,'EUR',0,777),(1003,190,200,'2018-01-16T10:40:00','2018-01-16T13:30:00',14.99,'EUR',0,942),(1004,190,115,'2018-01-11T12:30:00','2018-01-11T14:10:00',14.99,'EUR',0,675),(1005,190,196,'2018-01-14T17:25:00','2018-01-14T20:20:00',14.99,'EUR',0,706),(1006,191,214,'2018-01-16T07:00:00','2018-01-16T10:20:00',14.98,'GBP',0,159),(1007,191,187,'2018-01-17T16:40:00','2018-01-17T20:35:00',14.99,'GBP',0,913),(1008,191,118,'2018-01-11T16:45:00','2018-01-11T20:45:00',14.99,'GBP',0,15),(1009,191,200,'2018-01-12T17:30:00','2018-01-12T22:25:00',14.99,'GBP',0,801),(1010,191,178,'2018-01-17T06:30:00','2018-01-17T09:55:00',14.99,'GBP',0,74),(1011,191,231,'2018-01-13T09:05:00','2018-01-13T12:55:00',14.99,'GBP',0,883),(1012,191,227,'2018-01-12T06:15:00','2018-01-12T09:50:00',14.99,'GBP',0,927),(1013,191,128,'2018-01-13T17:25:00','2018-01-13T20:50:00',23.99,'GBP',0,548),(1014,191,189,'2018-01-16T19:50:00','2018-01-16T23:45:00',25.99,'GBP',0,961),(1015,191,154,'2018-01-12T12:05:00','2018-01-12T16:25:00',35.99,'GBP',0,474),(1016,191,67,'2018-01-15T12:05:00','2018-01-15T16:30:00',35.99,'GBP',0,959),(1017,192,206,'2018-01-14T20:00:00','2018-01-14T23:00:00',12.99,'EUR',0,658),(1018,192,199,'2018-01-12T17:20:00','2018-01-12T19:05:00',33.7,'EUR',0,971),(1019,192,155,'2018-01-19T11:35:00','2018-01-19T13:30:00',57.99,'EUR',0,50),(1020,193,190,'2018-01-15T16:25:00','2018-01-15T18:30:00',9.99,'EUR',0,160),(1021,193,196,'2018-01-13T21:50:00','2018-01-13T23:10:00',10.99,'EUR',0,711),(1022,193,178,'2018-01-13T15:55:00','2018-01-13T17:50:00',14.7,'EUR',0,468),(1023,193,67,'2018-01-13T13:00:00','2018-01-13T15:10:00',27.31,'EUR',0,79),(1024,194,132,'2018-01-20T15:50:00','2018-01-20T19:55:00',519,'MAD',0,941),(1025,194,206,'2018-01-19T17:45:00','2018-01-19T21:55:00',519,'MAD',0,385),(1026,194,236,'2018-01-12T17:15:00','2018-01-12T20:55:00',649,'MAD',0,522),(1027,194,175,'2018-01-16T18:50:00','2018-01-16T22:50:00',789,'MAD',0,220),(1028,194,62,'2018-01-17T10:40:00','2018-01-17T13:55:00',819,'MAD',0,839),(1029,194,256,'2018-01-17T13:20:00','2018-01-17T15:40:00',829,'MAD',0,70),(1030,195,139,'2018-01-12T22:15:00','2018-01-12T23:45:00',14.67,'EUR',0,594),(1031,195,155,'2018-01-18T16:35:00','2018-01-18T17:45:00',14.7,'EUR',0,893),(1032,196,124,'2018-01-13T19:40:00','2018-01-13T21:15:00',9.79,'EUR',0,465),(1033,196,160,'2018-01-17T18:50:00','2018-01-17T20:15:00',10.79,'EUR',0,960),(1034,196,114,'2018-01-14T06:30:00','2018-01-14T07:45:00',10.99,'EUR',0,11),(1035,196,142,'2018-01-14T10:00:00','2018-01-14T11:15:00',10.99,'EUR',0,792),(1036,196,193,'2018-01-16T20:10:00','2018-01-16T21:25:00',10.99,'EUR',0,951),(1037,196,127,'2018-01-17T15:35:00','2018-01-17T15:45:00',12.99,'EUR',0,669),(1038,196,100,'2018-01-11T07:00:00','2018-01-11T09:35:00',12.99,'EUR',0,795),(1039,196,116,'2018-01-18T15:40:00','2018-01-18T18:15:00',14.7,'EUR',0,300),(1040,196,172,'2018-01-16T11:00:00','2018-01-16T13:55:00',14.99,'EUR',0,346),(1041,196,213,'2018-01-18T19:15:00','2018-01-18T22:35:00',14.99,'EUR',0,679),(1042,196,154,'2018-01-17T21:55:00','2018-01-17T23:00:00',14.99,'EUR',0,922),(1043,196,233,'2018-01-19T07:00:00','2018-01-19T09:45:00',14.99,'EUR',0,51),(1044,196,246,'2018-01-15T07:10:00','2018-01-15T08:40:00',16.49,'EUR',0,531),(1045,196,231,'2018-01-13T18:30:00','2018-01-13T22:20:00',19.99,'EUR',0,513),(1046,196,199,'2018-01-12T21:40:00','2018-01-12T23:20:00',22.18,'EUR',0,96),(1047,196,107,'2018-01-19T21:00:00','2018-01-19T23:00:00',24.99,'EUR',0,962),(1048,197,115,'2018-01-13T12:20:00','2018-01-13T13:00:00',9.79,'EUR',0,391),(1049,198,155,'2018-01-16T11:30:00','2018-01-16T12:30:00',4.89,'EUR',0,303),(1050,198,268,'2018-01-15T20:55:00','2018-01-15T22:35:00',48.99,'EUR',0,670),(1051,199,178,'2018-01-17T06:25:00','2018-01-17T08:10:00',9.79,'EUR',0,879),(1052,199,175,'2018-01-17T12:00:00','2018-01-17T14:15:00',9.99,'EUR',0,167),(1053,199,127,'2018-01-18T16:50:00','2018-01-18T17:55:00',9.99,'EUR',0,579),(1054,199,115,'2018-01-11T10:00:00','2018-01-11T11:00:00',9.99,'EUR',0,462),(1055,199,109,'2018-01-11T21:35:00','2018-01-11T22:35:00',10.29,'EUR',0,610),(1056,199,160,'2018-01-11T06:40:00','2018-01-11T07:45:00',10.33,'EUR',0,166),(1057,199,118,'2018-01-11T06:55:00','2018-01-11T08:45:00',10.99,'EUR',0,473),(1058,199,269,'2018-01-16T17:00:00','2018-01-16T18:30:00',10.99,'EUR',0,803),(1059,199,246,'2018-01-11T06:45:00','2018-01-11T08:45:00',10.99,'EUR',0,556),(1060,199,196,'2018-01-16T21:55:00','2018-01-16T23:40:00',10.99,'EUR',0,235),(1061,199,142,'2018-01-13T10:05:00','2018-01-13T11:35:00',10.99,'EUR',0,204),(1062,199,71,'2018-01-15T14:15:00','2018-01-15T16:10:00',10.99,'EUR',0,314),(1063,199,192,'2018-01-17T15:00:00','2018-01-17T16:55:00',14.29,'EUR',0,292),(1064,199,57,'2018-01-13T12:35:00','2018-01-13T14:35:00',14.7,'EUR',0,714),(1065,199,181,'2018-01-17T07:50:00','2018-01-17T09:20:00',14.99,'EUR',0,681),(1066,199,172,'2018-01-16T20:15:00','2018-01-16T22:35:00',14.99,'EUR',0,605),(1067,200,139,'2018-01-11T21:30:00','2018-01-11T22:55:00',12.74,'EUR',0,461),(1068,200,57,'2018-01-15T17:40:00','2018-01-15T19:00:00',12.74,'EUR',0,892),(1069,200,239,'2018-01-20T19:00:00','2018-01-20T22:50:00',12.99,'EUR',0,273),(1070,200,114,'2018-01-17T15:55:00','2018-01-17T18:20:00',12.99,'EUR',0,267),(1071,200,161,'2018-01-16T11:10:00','2018-01-16T13:55:00',14.7,'EUR',0,64),(1072,200,122,'2018-01-12T16:55:00','2018-01-12T18:45:00',14.7,'EUR',0,366),(1073,200,178,'2018-01-17T15:30:00','2018-01-17T17:35:00',14.7,'EUR',0,331),(1074,200,173,'2018-01-11T15:45:00','2018-01-11T17:15:00',14.7,'EUR',0,303),(1075,200,124,'2018-01-11T07:50:00','2018-01-11T10:15:00',14.7,'EUR',0,792),(1076,200,99,'2018-01-11T08:40:00','2018-01-11T10:40:00',14.7,'EUR',0,47),(1077,200,181,'2018-01-19T07:05:00','2018-01-19T09:35:00',14.99,'EUR',0,846),(1078,200,152,'2018-01-11T18:50:00','2018-01-11T21:15:00',14.99,'EUR',0,406),(1079,200,140,'2018-01-13T17:35:00','2018-01-13T20:40:00',14.99,'EUR',0,325),(1080,200,190,'2018-01-13T07:20:00','2018-01-13T10:15:00',14.99,'EUR',0,18),(1081,200,245,'2018-01-12T12:50:00','2018-01-12T15:25:00',14.99,'EUR',0,672),(1082,200,128,'2018-01-18T16:20:00','2018-01-18T19:35:00',14.99,'EUR',0,296),(1083,201,140,'2018-01-19T12:35:00','2018-01-19T16:15:00',45.99,'EUR',0,648),(1084,204,155,'2018-01-14T16:45:00','2018-01-14T17:15:00',25.99,'EUR',0,849),(1085,205,206,'2018-01-13T12:25:00','2018-01-13T14:05:00',7.83,'EUR',0,161),(1086,205,238,'2018-01-12T15:45:00','2018-01-12T17:20:00',9.77,'EUR',0,662),(1087,205,113,'2018-01-17T14:40:00','2018-01-17T16:15:00',9.79,'EUR',0,290),(1088,205,175,'2018-01-16T09:15:00','2018-01-16T11:05:00',9.79,'EUR',0,501),(1089,205,179,'2018-01-15T20:45:00','2018-01-15T22:45:00',9.79,'EUR',0,643),(1090,205,172,'2018-01-16T16:50:00','2018-01-16T18:25:00',9.79,'EUR',0,133),(1091,205,219,'2018-01-17T14:00:00','2018-01-17T15:45:00',12.74,'EUR',0,62),(1092,205,131,'2018-01-12T12:05:00','2018-01-12T13:15:00',14.67,'EUR',0,411),(1093,205,139,'2018-01-12T12:10:00','2018-01-12T13:35:00',14.67,'EUR',0,145),(1094,205,242,'2018-01-11T13:55:00','2018-01-11T15:25:00',14.67,'EUR',0,103),(1095,205,75,'2018-01-11T17:50:00','2018-01-11T19:00:00',14.67,'EUR',0,301),(1096,205,87,'2018-01-12T11:55:00','2018-01-12T13:25:00',14.67,'EUR',0,925),(1097,205,267,'2018-01-11T22:20:00','2018-01-11T23:45:00',14.67,'EUR',0,919),(1098,205,153,'2018-01-11T12:45:00','2018-01-11T14:10:00',14.67,'EUR',0,143),(1099,205,214,'2018-01-14T16:20:00','2018-01-14T18:15:00',14.7,'EUR',0,846),(1100,205,189,'2018-01-12T14:40:00','2018-01-12T16:40:00',14.7,'EUR',0,806),(1101,206,155,'2018-01-15T06:45:00','2018-01-15T07:10:00',4.99,'EUR',0,865),(1102,206,99,'2018-01-14T06:55:00','2018-01-14T08:15:00',4.99,'EUR',0,221),(1103,206,205,'2018-01-13T10:25:00','2018-01-13T12:00:00',7.99,'EUR',0,979),(1104,206,139,'2018-01-11T18:50:00','2018-01-11T21:00:00',9.79,'EUR',0,131),(1105,206,226,'2018-01-11T12:10:00','2018-01-11T13:55:00',9.79,'EUR',0,674),(1106,206,187,'2018-01-14T11:30:00','2018-01-14T14:05:00',9.99,'EUR',0,939),(1107,206,113,'2018-01-11T20:10:00','2018-01-11T22:05:00',9.99,'EUR',0,340),(1108,206,61,'2018-01-11T08:00:00','2018-01-11T13:20:00',9.99,'EUR',0,566),(1109,206,83,'2018-01-13T07:05:00','2018-01-13T09:10:00',9.99,'EUR',0,569),(1110,206,48,'2018-01-15T10:25:00','2018-01-15T11:35:00',9.99,'EUR',0,503),(1111,206,144,'2018-01-14T10:25:00','2018-01-14T12:25:00',9.99,'EUR',0,402),(1112,206,118,'2018-01-11T07:00:00','2018-01-11T09:55:00',9.99,'EUR',0,616),(1113,206,109,'2018-01-15T06:30:00','2018-01-15T08:35:00',9.99,'EUR',0,875),(1114,206,229,'2018-01-12T17:40:00','2018-01-12T21:10:00',9.99,'EUR',0,221),(1115,206,115,'2018-01-14T07:00:00','2018-01-14T08:40:00',9.99,'EUR',0,406),(1116,206,114,'2018-01-11T07:15:00','2018-01-11T09:35:00',9.99,'EUR',0,200),(1117,207,161,'2018-01-13T20:05:00','2018-01-13T21:15:00',14.63,'EUR',0,224),(1118,208,178,'2018-01-14T21:25:00','2018-01-14T23:00:00',259,'CZK',0,890),(1119,208,155,'2018-01-20T17:45:00','2018-01-20T19:10:00',829,'CZK',0,821),(1120,211,155,'2018-01-15T15:10:00','2018-01-15T16:25:00',59,'SEK',0,580),(1121,213,178,'2018-01-16T07:00:00','2018-01-16T08:45:00',12.74,'EUR',0,117),(1122,213,107,'2018-01-16T09:40:00','2018-01-16T10:25:00',12.99,'EUR',0,575),(1123,213,187,'2018-01-11T20:25:00','2018-01-11T23:25:00',14.99,'EUR',0,275),(1124,213,199,'2018-01-15T13:30:00','2018-01-15T16:05:00',14.99,'EUR',0,476),(1125,213,268,'2018-01-16T16:35:00','2018-01-16T17:40:00',14.99,'EUR',0,728),(1126,213,155,'2018-01-13T22:00:00','2018-01-13T22:35:00',14.99,'EUR',0,902),(1127,213,256,'2018-01-13T13:40:00','2018-01-13T16:40:00',14.99,'EUR',0,599),(1128,213,109,'2018-01-15T06:30:00','2018-01-15T09:15:00',14.99,'EUR',0,951),(1129,213,115,'2018-01-11T19:55:00','2018-01-11T21:55:00',14.99,'EUR',0,297),(1130,213,114,'2018-01-11T09:40:00','2018-01-11T12:25:00',14.99,'EUR',0,203),(1131,213,144,'2018-01-16T20:50:00','2018-01-16T23:15:00',19.99,'EUR',0,92),(1132,213,196,'2018-01-14T15:25:00','2018-01-14T18:45:00',19.99,'EUR',0,486),(1133,213,89,'2018-01-20T19:35:00','2018-01-20T23:10:00',27.99,'EUR',0,180),(1134,213,255,'2018-01-14T06:50:00','2018-01-14T10:00:00',28.99,'EUR',0,525),(1135,213,118,'2018-01-12T14:50:00','2018-01-12T18:15:00',33.99,'EUR',0,379),(1136,213,221,'2018-01-16T13:10:00','2018-01-16T17:15:00',46.99,'EUR',0,540),(1137,214,189,'2018-01-14T07:00:00','2018-01-14T08:15:00',4.99,'EUR',0,659),(1138,214,55,'2018-01-12T10:20:00','2018-01-12T11:30:00',7.99,'EUR',0,792),(1139,214,124,'2018-01-15T11:50:00','2018-01-15T14:10:00',9.79,'EUR',0,249),(1140,214,219,'2018-01-14T06:45:00','2018-01-14T08:20:00',9.99,'EUR',0,725),(1141,214,245,'2018-01-19T10:05:00','2018-01-19T11:10:00',9.99,'EUR',0,893),(1142,214,155,'2018-01-16T06:30:00','2018-01-16T07:25:00',9.99,'EUR',0,161),(1143,214,89,'2018-01-15T16:35:00','2018-01-15T19:50:00',9.99,'EUR',0,681),(1144,214,61,'2018-01-15T06:25:00','2018-01-15T11:45:00',12.99,'EUR',0,686),(1145,214,122,'2018-01-15T11:30:00','2018-01-15T13:15:00',14.7,'EUR',0,994),(1146,214,205,'2018-01-15T12:35:00','2018-01-15T14:30:00',14.7,'EUR',0,936),(1147,214,173,'2018-01-16T18:40:00','2018-01-16T20:45:00',14.7,'EUR',0,867),(1148,214,99,'2018-01-16T14:45:00','2018-01-16T16:20:00',14.7,'EUR',0,709),(1149,214,191,'2018-01-14T10:45:00','2018-01-14T12:10:00',14.98,'EUR',0,44),(1150,214,140,'2018-01-13T06:20:00','2018-01-13T07:50:00',14.99,'EUR',0,211),(1151,214,106,'2018-01-11T07:15:00','2018-01-11T10:30:00',14.99,'EUR',0,407),(1152,214,256,'2018-01-17T09:50:00','2018-01-17T13:00:00',14.99,'EUR',0,30),(1153,215,245,'2018-01-14T14:25:00','2018-01-14T15:35:00',9.99,'EUR',0,37),(1154,215,145,'2018-01-11T15:45:00','2018-01-11T16:50:00',9.99,'EUR',0,833),(1155,215,155,'2018-01-11T10:00:00','2018-01-11T11:25:00',9.99,'EUR',0,10),(1156,215,220,'2018-01-11T11:50:00','2018-01-11T13:10:00',12.99,'EUR',0,881),(1157,215,154,'2018-01-18T11:55:00','2018-01-18T16:05:00',53.99,'EUR',0,132),(1158,218,175,'2018-01-13T17:15:00','2018-01-13T19:00:00',12.74,'EUR',0,108),(1159,220,43,'2018-01-16T10:35:00','2018-01-16T13:25:00',9.99,'GBP',0,984),(1160,220,176,'2018-01-16T16:45:00','2018-01-16T21:25:00',12.99,'GBP',0,294),(1161,220,215,'2018-01-15T09:55:00','2018-01-15T11:25:00',12.99,'GBP',0,330),(1162,220,268,'2018-01-11T06:30:00','2018-01-11T07:50:00',14.99,'GBP',0,175),(1163,220,48,'2018-01-13T16:20:00','2018-01-13T17:50:00',14.99,'GBP',0,494),(1164,220,84,'2018-01-16T16:25:00','2018-01-16T20:00:00',14.99,'GBP',0,795),(1165,220,117,'2018-01-11T17:40:00','2018-01-11T21:05:00',14.99,'GBP',0,641),(1166,220,44,'2018-01-11T06:35:00','2018-01-11T11:20:00',14.99,'GBP',0,869),(1167,220,154,'2018-01-16T06:30:00','2018-01-16T10:40:00',19.99,'GBP',0,106),(1168,220,67,'2018-01-14T06:40:00','2018-01-14T11:00:00',21.99,'GBP',0,196),(1169,220,265,'2018-01-13T13:20:00','2018-01-13T16:15:00',24.99,'GBP',0,110),(1170,220,255,'2018-01-15T15:05:00','2018-01-15T18:40:00',24.99,'GBP',0,437),(1171,220,261,'2018-01-12T09:00:00','2018-01-12T12:00:00',24.99,'GBP',0,371),(1172,220,262,'2018-01-12T18:00:00','2018-01-12T21:10:00',25.99,'GBP',0,849),(1173,220,200,'2018-01-14T07:00:00','2018-01-14T11:20:00',30.99,'GBP',0,586),(1174,220,184,'2018-01-16T13:20:00','2018-01-16T17:40:00',39.99,'GBP',0,473),(1175,221,245,'2018-01-19T11:55:00','2018-01-19T16:25:00',14.99,'EUR',0,306),(1176,221,63,'2018-01-18T06:45:00','2018-01-18T11:15:00',14.99,'EUR',0,873),(1177,221,206,'2018-01-17T09:35:00','2018-01-17T15:10:00',19.99,'EUR',0,981),(1178,221,181,'2018-01-12T11:30:00','2018-01-12T16:00:00',24.99,'EUR',0,991),(1179,221,107,'2018-01-19T06:25:00','2018-01-19T11:00:00',24.99,'EUR',0,453),(1180,221,199,'2018-01-17T19:40:00','2018-01-17T23:59:00',25.44,'EUR',0,67),(1181,221,132,'2018-01-19T11:20:00','2018-01-19T16:55:00',28.99,'EUR',0,833),(1182,221,213,'2018-01-16T06:45:00','2018-01-16T12:45:00',28.99,'EUR',0,648),(1183,221,256,'2018-01-17T17:10:00','2018-01-17T21:05:00',29.44,'EUR',0,826),(1184,221,172,'2018-01-19T10:35:00','2018-01-19T16:20:00',33.99,'EUR',0,458),(1185,221,196,'2018-01-16T13:30:00','2018-01-16T16:45:00',38.44,'EUR',0,428),(1186,221,235,'2018-01-17T07:30:00','2018-01-17T12:05:00',38.99,'EUR',0,758),(1187,221,177,'2018-01-13T10:45:00','2018-01-13T14:55:00',42.99,'EUR',0,466),(1188,221,190,'2018-01-16T06:35:00','2018-01-16T12:10:00',42.99,'EUR',0,676),(1189,221,52,'2018-01-16T18:40:00','2018-01-16T23:25:00',42.99,'EUR',0,368),(1190,221,179,'2018-01-18T06:30:00','2018-01-18T11:55:00',42.99,'EUR',0,861),(1191,222,178,'2018-01-16T17:15:00','2018-01-16T18:55:00',9.79,'EUR',0,513),(1192,222,196,'2018-01-16T17:50:00','2018-01-16T19:40:00',9.79,'EUR',0,661),(1193,222,175,'2018-01-11T13:35:00','2018-01-11T15:10:00',12.74,'EUR',0,444),(1194,222,115,'2018-01-11T15:15:00','2018-01-11T15:50:00',14.7,'EUR',0,319),(1195,222,155,'2018-01-17T18:00:00','2018-01-17T18:50:00',25.99,'EUR',0,674),(1196,222,173,'2018-01-14T13:55:00','2018-01-14T15:55:00',49.99,'EUR',0,489),(1197,224,245,'2018-01-12T15:25:00','2018-01-12T16:55:00',149,'PLN',0,919),(1198,224,155,'2018-01-18T16:05:00','2018-01-18T17:30:00',149,'PLN',0,603),(1199,224,268,'2018-01-18T14:05:00','2018-01-18T16:00:00',279,'PLN',0,706),(1200,225,155,'2018-01-16T18:30:00','2018-01-16T19:00:00',39.99,'EUR',0,514),(1201,226,206,'2018-01-16T09:50:00','2018-01-16T11:45:00',9.79,'EUR',0,809),(1202,226,178,'2018-01-12T07:00:00','2018-01-12T08:15:00',14.67,'EUR',0,689),(1203,226,175,'2018-01-14T09:25:00','2018-01-14T11:35:00',25.99,'EUR',0,87),(1204,226,155,'2018-01-20T15:20:00','2018-01-20T17:00:00',40.99,'EUR',0,346),(1205,227,128,'2018-01-11T12:10:00','2018-01-11T13:15:00',34,'PLN',0,590),(1206,227,175,'2018-01-11T14:40:00','2018-01-11T16:35:00',39,'PLN',0,258),(1207,227,63,'2018-01-19T17:15:00','2018-01-19T18:30:00',56,'PLN',0,341),(1208,227,191,'2018-01-19T10:15:00','2018-01-19T11:55:00',65,'PLN',0,641),(1209,227,256,'2018-01-20T19:05:00','2018-01-20T22:25:00',65,'PLN',0,806),(1210,227,46,'2018-01-18T06:40:00','2018-01-18T08:05:00',65,'PLN',0,186),(1211,227,247,'2018-01-12T19:30:00','2018-01-12T21:25:00',89,'PLN',0,586),(1212,227,122,'2018-01-17T13:45:00','2018-01-17T15:30:00',129,'PLN',0,119),(1213,227,178,'2018-01-15T11:45:00','2018-01-15T13:30:00',129,'PLN',0,420),(1214,227,57,'2018-01-15T19:00:00','2018-01-15T21:05:00',129,'PLN',0,154),(1215,227,245,'2018-01-12T20:55:00','2018-01-12T22:15:00',139,'PLN',0,753),(1216,227,236,'2018-01-17T19:30:00','2018-01-17T21:35:00',139,'PLN',0,681),(1217,227,136,'2018-01-19T20:35:00','2018-01-19T22:15:00',149,'PLN',0,414),(1218,227,200,'2018-01-20T19:05:00','2018-01-20T21:50:00',149,'PLN',0,98),(1219,227,107,'2018-01-19T06:30:00','2018-01-19T08:05:00',149,'PLN',0,574),(1220,227,155,'2018-01-18T06:35:00','2018-01-18T07:55:00',159,'PLN',0,33),(1221,229,178,'2018-01-14T21:05:00','2018-01-14T22:15:00',7.99,'EUR',0,25),(1222,229,175,'2018-01-15T19:10:00','2018-01-15T21:15:00',9.99,'EUR',0,574),(1223,229,206,'2018-01-19T21:35:00','2018-01-19T23:15:00',27.99,'EUR',0,883),(1224,229,155,'2018-01-19T20:40:00','2018-01-19T22:10:00',69.99,'EUR',0,753),(1225,230,255,'2018-01-11T10:00:00','2018-01-11T11:35:00',14.7,'EUR',0,254),(1226,230,175,'2018-01-16T14:15:00','2018-01-16T16:05:00',32.99,'EUR',0,81),(1227,231,65,'2018-01-19T13:20:00','2018-01-19T14:55:00',34,'PLN',0,987),(1228,231,239,'2018-01-16T13:55:00','2018-01-16T15:30:00',34,'PLN',0,301),(1229,231,175,'2018-01-16T20:40:00','2018-01-16T22:50:00',39,'PLN',0,736),(1230,231,100,'2018-01-12T06:05:00','2018-01-12T07:50:00',39,'PLN',0,836),(1231,231,233,'2018-01-12T07:00:00','2018-01-12T08:45:00',39,'PLN',0,873),(1232,231,61,'2018-01-18T14:50:00','2018-01-18T19:55:00',65,'PLN',0,87),(1233,231,247,'2018-01-18T06:40:00','2018-01-18T08:40:00',79,'PLN',0,833),(1234,231,179,'2018-01-19T20:15:00','2018-01-19T22:20:00',89,'PLN',0,477),(1235,231,190,'2018-01-11T22:05:00','2018-01-11T23:59:00',109,'PLN',0,781),(1236,231,178,'2018-01-16T19:40:00','2018-01-16T21:50:00',109,'PLN',0,342),(1237,231,46,'2018-01-19T07:00:00','2018-01-19T08:40:00',109,'PLN',0,889),(1238,231,99,'2018-01-15T19:50:00','2018-01-15T21:40:00',109,'PLN',0,719),(1239,231,245,'2018-01-18T11:00:00','2018-01-18T12:45:00',119,'PLN',0,273),(1240,231,155,'2018-01-18T21:40:00','2018-01-18T23:20:00',129,'PLN',0,194),(1241,231,57,'2018-01-11T17:10:00','2018-01-11T19:30:00',129,'PLN',0,858),(1242,231,173,'2018-01-18T15:00:00','2018-01-18T17:15:00',129,'PLN',0,4),(1243,233,77,'2018-01-13T18:30:00','2018-01-13T21:10:00',2.99,'EUR',0,224),(1244,233,155,'2018-01-13T14:45:00','2018-01-13T15:35:00',9.99,'EUR',0,67),(1245,233,239,'2018-01-18T11:05:00','2018-01-18T13:15:00',9.99,'EUR',0,184),(1246,233,231,'2018-01-12T09:10:00','2018-01-12T10:55:00',9.99,'EUR',0,830),(1247,233,109,'2018-01-15T17:25:00','2018-01-15T19:30:00',12.99,'EUR',0,328),(1248,233,168,'2018-01-19T07:15:00','2018-01-19T10:25:00',14.7,'EUR',0,216),(1249,233,187,'2018-01-17T16:45:00','2018-01-17T19:15:00',14.99,'EUR',0,673),(1250,233,83,'2018-01-14T18:00:00','2018-01-14T20:05:00',14.99,'EUR',0,497),(1251,233,127,'2018-01-14T11:30:00','2018-01-14T13:40:00',14.99,'EUR',0,603),(1252,233,115,'2018-01-11T16:40:00','2018-01-11T18:25:00',14.99,'EUR',0,8),(1253,233,196,'2018-01-12T10:10:00','2018-01-12T12:55:00',14.99,'EUR',0,262),(1254,233,268,'2018-01-13T13:15:00','2018-01-13T14:45:00',24.99,'EUR',0,715),(1255,233,267,'2018-01-14T13:00:00','2018-01-14T14:50:00',28.99,'EUR',0,62),(1256,233,118,'2018-01-15T12:00:00','2018-01-15T14:55:00',31.99,'EUR',0,322),(1257,233,67,'2018-01-13T07:10:00','2018-01-13T10:55:00',93.99,'EUR',0,87),(1258,234,175,'2018-01-18T09:55:00','2018-01-18T14:00:00',669,'MAD',0,656),(1259,234,62,'2018-01-16T10:30:00','2018-01-16T13:40:00',689,'MAD',0,192),(1260,234,132,'2018-01-20T09:35:00','2018-01-20T13:45:00',789,'MAD',0,268),(1261,234,236,'2018-01-20T17:15:00','2018-01-20T20:55:00',899,'MAD',0,921),(1262,234,199,'2018-01-14T21:35:00','2018-01-15T00:20:00',1029,'MAD',0,780),(1263,234,206,'2018-01-19T09:00:00','2018-01-19T13:10:00',1089,'MAD',0,148),(1264,235,117,'2018-01-16T17:00:00','2018-01-16T20:55:00',9.99,'GBP',0,291),(1265,235,187,'2018-01-15T06:20:00','2018-01-15T10:15:00',12.99,'GBP',0,143),(1266,235,199,'2018-01-13T19:50:00','2018-01-13T23:30:00',14.99,'GBP',0,974),(1267,235,83,'2018-01-17T14:15:00','2018-01-17T17:20:00',14.99,'GBP',0,570),(1268,235,221,'2018-01-17T12:30:00','2018-01-17T17:10:00',14.99,'GBP',0,578),(1269,235,118,'2018-01-11T17:50:00','2018-01-11T22:00:00',14.99,'GBP',0,629),(1270,235,184,'2018-01-14T06:10:00','2018-01-14T10:35:00',19.99,'GBP',0,347),(1271,235,200,'2018-01-20T10:20:00','2018-01-20T15:05:00',19.99,'GBP',0,775),(1272,235,154,'2018-01-12T14:05:00','2018-01-12T18:35:00',21.99,'GBP',0,652),(1273,235,67,'2018-01-16T06:15:00','2018-01-16T10:55:00',21.99,'GBP',0,596),(1274,236,265,'2018-01-17T10:20:00','2018-01-17T11:50:00',9.77,'EUR',0,305),(1275,236,178,'2018-01-17T14:50:00','2018-01-17T16:20:00',9.79,'EUR',0,652),(1276,236,115,'2018-01-17T22:15:00','2018-01-17T23:25:00',12.74,'EUR',0,927),(1277,236,227,'2018-01-17T22:00:00','2018-01-17T23:55:00',12.74,'EUR',0,234),(1278,236,187,'2018-01-16T21:40:00','2018-01-16T23:50:00',14.7,'EUR',0,397),(1279,236,75,'2018-01-14T13:10:00','2018-01-14T15:20:00',14.7,'EUR',0,978),(1280,236,268,'2018-01-17T09:40:00','2018-01-17T10:20:00',14.7,'EUR',0,14),(1281,236,205,'2018-01-16T12:35:00','2018-01-16T14:20:00',14.7,'EUR',0,154),(1282,236,196,'2018-01-15T16:35:00','2018-01-15T19:05:00',14.7,'EUR',0,748),(1283,236,44,'2018-01-17T09:25:00','2018-01-17T13:05:00',14.7,'EUR',0,12),(1284,236,267,'2018-01-13T13:40:00','2018-01-13T16:10:00',19.6,'EUR',0,560),(1285,236,114,'2018-01-15T16:20:00','2018-01-15T18:20:00',19.6,'EUR',0,53),(1286,236,231,'2018-01-19T15:55:00','2018-01-19T18:10:00',21.99,'EUR',0,840),(1287,236,99,'2018-01-13T09:00:00','2018-01-13T10:40:00',23.99,'EUR',0,176),(1288,236,122,'2018-01-11T16:40:00','2018-01-11T18:20:00',25.99,'EUR',0,460),(1289,236,239,'2018-01-17T14:15:00','2018-01-17T16:35:00',25.99,'EUR',0,755),(1290,237,52,'2018-01-19T22:05:00','2018-01-19T23:50:00',119,'PLN',0,802),(1291,237,116,'2018-01-14T13:10:00','2018-01-14T15:00:00',119,'PLN',0,362),(1292,237,161,'2018-01-11T11:25:00','2018-01-11T14:50:00',129,'PLN',0,312),(1293,237,181,'2018-01-19T20:40:00','2018-01-19T22:20:00',149,'PLN',0,720),(1294,237,155,'2018-01-17T14:35:00','2018-01-17T16:00:00',149,'PLN',0,345),(1295,237,268,'2018-01-20T20:25:00','2018-01-20T22:30:00',479,'PLN',0,866),(1296,238,205,'2018-01-17T17:45:00','2018-01-17T19:20:00',9.77,'EUR',0,147),(1297,238,116,'2018-01-15T20:40:00','2018-01-15T22:35:00',14.67,'EUR',0,416),(1298,238,173,'2018-01-15T13:15:00','2018-01-15T14:35:00',14.67,'EUR',0,969),(1299,238,175,'2018-01-19T20:05:00','2018-01-19T22:55:00',28.99,'EUR',0,280),(1300,238,206,'2018-01-17T20:45:00','2018-01-17T23:20:00',28.99,'EUR',0,550),(1301,239,128,'2018-01-11T11:20:00','2018-01-11T12:35:00',48,'SEK',0,482),(1302,239,155,'2018-01-16T18:00:00','2018-01-16T19:25:00',59,'SEK',0,83),(1303,239,231,'2018-01-11T12:00:00','2018-01-11T13:30:00',76,'SEK',0,711),(1304,239,233,'2018-01-11T13:40:00','2018-01-11T15:50:00',95,'SEK',0,471),(1305,239,188,'2018-01-16T16:50:00','2018-01-16T19:35:00',95,'SEK',0,443),(1306,239,167,'2018-01-15T17:00:00','2018-01-15T19:55:00',95,'SEK',0,262),(1307,239,175,'2018-01-12T13:00:00','2018-01-12T15:10:00',124,'SEK',0,525),(1308,239,189,'2018-01-11T06:50:00','2018-01-11T08:40:00',124,'SEK',0,232),(1309,239,200,'2018-01-18T18:15:00','2018-01-18T22:05:00',124,'SEK',0,838),(1310,239,199,'2018-01-14T15:50:00','2018-01-14T19:15:00',139,'SEK',0,916),(1311,239,178,'2018-01-11T17:10:00','2018-01-11T19:45:00',139,'SEK',0,492),(1312,239,236,'2018-01-17T07:30:00','2018-01-17T09:55:00',139,'SEK',0,445),(1313,239,187,'2018-01-11T07:20:00','2018-01-11T11:20:00',209,'SEK',0,38),(1314,239,118,'2018-01-14T06:55:00','2018-01-14T11:15:00',209,'SEK',0,293),(1315,239,132,'2018-01-12T11:20:00','2018-01-12T13:20:00',259,'SEK',0,550),(1316,239,221,'2018-01-14T15:35:00','2018-01-14T20:25:00',559,'SEK',0,821),(1317,240,214,'2018-01-17T13:15:00','2018-01-17T13:55:00',25.99,'EUR',0,677),(1318,240,155,'2018-01-17T22:15:00','2018-01-17T23:10:00',27.99,'EUR',0,876),(1319,240,175,'2018-01-12T21:10:00','2018-01-12T22:45:00',30.99,'EUR',0,645),(1320,240,190,'2018-01-16T20:20:00','2018-01-16T21:40:00',32.99,'EUR',0,155),(1321,240,157,'2018-01-17T14:00:00','2018-01-17T15:00:00',39.99,'EUR',0,583),(1322,240,63,'2018-01-18T21:05:00','2018-01-18T22:05:00',39.99,'EUR',0,903),(1323,240,245,'2018-01-15T11:35:00','2018-01-15T12:35:00',42.99,'EUR',0,55),(1324,240,200,'2018-01-14T12:05:00','2018-01-14T14:50:00',42.99,'EUR',0,63),(1325,240,206,'2018-01-16T10:30:00','2018-01-16T11:55:00',47.99,'EUR',0,344),(1326,240,178,'2018-01-11T20:45:00','2018-01-11T22:30:00',49.99,'EUR',0,983),(1327,240,268,'2018-01-14T22:35:00','2018-01-14T23:55:00',79.99,'EUR',0,347),(1328,240,136,'2018-01-20T22:15:00','2018-01-20T23:15:00',86.99,'EUR',0,432),(1329,240,107,'2018-01-14T22:35:00','2018-01-14T23:30:00',200.99,'EUR',0,138),(1330,241,189,'2018-01-14T08:40:00','2018-01-14T10:15:00',4.99,'EUR',0,494),(1331,241,155,'2018-01-16T15:45:00','2018-01-16T16:10:00',12.99,'EUR',0,674),(1332,241,118,'2018-01-12T19:15:00','2018-01-12T22:20:00',14.99,'EUR',0,899),(1333,241,115,'2018-01-14T11:10:00','2018-01-14T12:50:00',14.99,'EUR',0,271),(1334,241,168,'2018-01-17T19:55:00','2018-01-17T23:40:00',31.99,'EUR',0,723),(1335,241,109,'2018-01-17T12:35:00','2018-01-17T14:55:00',33.99,'EUR',0,397),(1336,242,99,'2018-01-16T10:10:00','2018-01-16T11:40:00',12.71,'EUR',0,116),(1337,242,205,'2018-01-18T15:50:00','2018-01-18T17:20:00',14.67,'EUR',0,942),(1338,242,45,'2018-01-11T06:40:00','2018-01-11T07:55:00',14.67,'EUR',0,547),(1339,242,133,'2018-01-18T10:10:00','2018-01-18T12:00:00',14.67,'EUR',0,155),(1340,242,172,'2018-01-16T14:05:00','2018-01-16T16:25:00',14.7,'EUR',0,985),(1341,242,179,'2018-01-20T19:35:00','2018-01-20T22:05:00',26.99,'EUR',0,103),(1342,242,122,'2018-01-15T18:05:00','2018-01-15T19:35:00',28.59,'EUR',0,752),(1343,242,178,'2018-01-16T08:40:00','2018-01-16T10:20:00',29.69,'EUR',0,338),(1344,242,175,'2018-01-15T13:35:00','2018-01-15T16:10:00',33.99,'EUR',0,533),(1345,242,155,'2018-01-20T10:40:00','2018-01-20T12:40:00',54.99,'EUR',0,949),(1346,243,67,'2018-01-11T12:15:00','2018-01-11T16:25:00',45.99,'GBP',0,975),(1347,244,75,'2018-01-11T12:15:00','2018-01-11T13:35:00',12.71,'EUR',0,613),(1348,245,214,'2018-01-17T06:45:00','2018-01-17T09:40:00',9.99,'GBP',0,603),(1349,245,268,'2018-01-11T06:30:00','2018-01-11T07:40:00',9.99,'GBP',0,463),(1350,245,215,'2018-01-12T09:55:00','2018-01-12T11:10:00',9.99,'GBP',0,651),(1351,245,187,'2018-01-16T17:45:00','2018-01-16T21:25:00',14.99,'GBP',0,560),(1352,245,221,'2018-01-12T06:55:00','2018-01-12T11:20:00',14.99,'GBP',0,82),(1353,245,180,'2018-01-14T09:35:00','2018-01-14T12:15:00',14.99,'GBP',0,680),(1354,245,200,'2018-01-17T18:10:00','2018-01-17T22:35:00',14.99,'GBP',0,281),(1355,245,178,'2018-01-11T13:35:00','2018-01-11T16:40:00',14.99,'GBP',0,722),(1356,245,84,'2018-01-11T06:40:00','2018-01-11T10:25:00',14.99,'GBP',0,949),(1357,245,117,'2018-01-16T16:30:00','2018-01-16T20:05:00',14.99,'GBP',0,780),(1358,245,196,'2018-01-11T17:10:00','2018-01-11T20:55:00',14.99,'GBP',0,782),(1359,245,99,'2018-01-13T13:55:00','2018-01-13T17:05:00',14.99,'GBP',0,350),(1360,245,231,'2018-01-11T07:10:00','2018-01-11T10:35:00',14.99,'GBP',0,41),(1361,245,227,'2018-01-17T11:35:00','2018-01-17T14:50:00',14.99,'GBP',0,936),(1362,245,219,'2018-01-20T17:00:00','2018-01-20T20:35:00',19.99,'GBP',0,701),(1363,245,154,'2018-01-11T11:45:00','2018-01-11T16:00:00',19.99,'GBP',0,929),(1364,246,199,'2018-01-16T21:30:00','2018-01-16T23:15:00',10.99,'EUR',0,56),(1365,246,256,'2018-01-15T22:05:00','2018-01-15T23:20:00',14.29,'EUR',0,832),(1366,246,206,'2018-01-15T16:00:00','2018-01-15T18:20:00',14.99,'EUR',0,574),(1367,246,109,'2018-01-16T10:40:00','2018-01-16T12:35:00',21.84,'EUR',0,112),(1368,246,196,'2018-01-15T09:05:00','2018-01-15T10:30:00',22.18,'EUR',0,987),(1369,246,114,'2018-01-17T10:40:00','2018-01-17T12:10:00',22.18,'EUR',0,151),(1370,246,187,'2018-01-13T16:45:00','2018-01-13T18:20:00',33.18,'EUR',0,775),(1371,246,118,'2018-01-20T16:15:00','2018-01-20T17:50:00',33.18,'EUR',0,52),(1372,246,178,'2018-01-14T16:20:00','2018-01-14T18:50:00',34.99,'EUR',0,865),(1373,246,155,'2018-01-20T17:15:00','2018-01-20T18:25:00',37.99,'EUR',0,910),(1374,246,67,'2018-01-14T21:35:00','2018-01-14T23:25:00',52.16,'EUR',0,803),(1375,246,154,'2018-01-14T21:25:00','2018-01-14T23:05:00',61.16,'EUR',0,236),(1376,246,221,'2018-01-15T22:00:00','2018-01-15T23:50:00',72.16,'EUR',0,444),(1377,247,128,'2018-01-15T19:00:00','2018-01-15T20:30:00',9,'NOK',0,414),(1378,247,231,'2018-01-11T09:05:00','2018-01-11T10:55:00',19,'NOK',0,36),(1379,247,155,'2018-01-16T11:55:00','2018-01-16T12:55:00',49,'NOK',0,843),(1380,247,189,'2018-01-11T14:00:00','2018-01-11T16:00:00',89,'NOK',0,176),(1381,247,107,'2018-01-18T21:40:00','2018-01-18T22:50:00',139,'NOK',0,784),(1382,247,178,'2018-01-17T19:55:00','2018-01-17T22:30:00',139,'NOK',0,680),(1383,247,227,'2018-01-12T21:50:00','2018-01-12T23:40:00',179,'NOK',0,324),(1384,247,187,'2018-01-16T11:15:00','2018-01-16T14:55:00',339,'NOK',0,656),(1385,247,221,'2018-01-13T16:00:00','2018-01-13T20:40:00',529,'NOK',0,464),(1386,247,67,'2018-01-12T16:15:00','2018-01-12T20:55:00',569,'NOK',0,764),(1387,248,155,'2018-01-13T10:45:00','2018-01-13T11:35:00',25.99,'EUR',0,379),(1388,248,268,'2018-01-20T13:35:00','2018-01-20T15:00:00',54.99,'EUR',0,513),(1389,250,187,'2018-01-11T10:25:00','2018-01-11T13:55:00',14.99,'GBP',0,847),(1390,250,112,'2018-01-17T16:35:00','2018-01-17T18:00:00',14.99,'GBP',0,812),(1391,250,268,'2018-01-11T09:40:00','2018-01-11T11:05:00',14.99,'GBP',0,762),(1392,250,174,'2018-01-13T20:10:00','2018-01-13T21:40:00',14.99,'GBP',0,592),(1393,251,178,'2018-01-16T21:20:00','2018-01-16T23:10:00',19.6,'EUR',0,169),(1394,251,132,'2018-01-15T21:35:00','2018-01-15T23:05:00',39.99,'EUR',0,989),(1395,251,155,'2018-01-17T12:00:00','2018-01-17T12:50:00',64.99,'EUR',0,365),(1396,253,189,'2018-01-11T12:20:00','2018-01-11T13:30:00',339,'CZK',0,131),(1397,253,175,'2018-01-11T19:25:00','2018-01-11T20:55:00',389,'CZK',0,133),(1398,253,179,'2018-01-12T10:20:00','2018-01-12T11:45:00',389,'CZK',0,363),(1399,253,178,'2018-01-17T14:20:00','2018-01-17T15:45:00',389,'CZK',0,852),(1400,253,122,'2018-01-18T08:35:00','2018-01-18T10:05:00',799,'CZK',0,586),(1401,253,173,'2018-01-18T07:05:00','2018-01-18T08:55:00',799,'CZK',0,293),(1402,253,219,'2018-01-13T17:55:00','2018-01-13T19:05:00',829,'CZK',0,189),(1403,253,145,'2018-01-15T17:45:00','2018-01-15T18:55:00',829,'CZK',0,714),(1404,253,155,'2018-01-16T07:20:00','2018-01-16T08:30:00',829,'CZK',0,678),(1405,253,52,'2018-01-18T17:55:00','2018-01-18T19:10:00',859,'CZK',0,92),(1406,253,199,'2018-01-17T14:40:00','2018-01-17T17:05:00',1029,'CZK',0,961),(1407,253,256,'2018-01-20T09:35:00','2018-01-20T12:40:00',1179,'CZK',0,979),(1408,253,268,'2018-01-19T11:35:00','2018-01-19T13:15:00',1229,'CZK',0,216),(1409,253,118,'2018-01-19T10:40:00','2018-01-19T14:00:00',1399,'CZK',0,581),(1410,255,190,'2018-01-15T19:15:00','2018-01-15T23:55:00',479,'MAD',0,373),(1411,255,230,'2018-01-18T06:00:00','2018-01-18T09:35:00',479,'MAD',0,982),(1412,255,206,'2018-01-18T18:15:00','2018-01-18T23:00:00',529,'MAD',0,275),(1413,255,256,'2018-01-18T16:25:00','2018-01-18T19:30:00',539,'MAD',0,299),(1414,255,62,'2018-01-19T06:20:00','2018-01-19T10:10:00',549,'MAD',0,190),(1415,255,236,'2018-01-17T15:00:00','2018-01-17T19:25:00',549,'MAD',0,530),(1416,255,189,'2018-01-15T10:30:00','2018-01-15T16:00:00',569,'MAD',0,325),(1417,255,196,'2018-01-16T13:45:00','2018-01-16T16:15:00',609,'MAD',0,440),(1418,255,132,'2018-01-17T17:55:00','2018-01-17T22:45:00',639,'MAD',0,495),(1419,255,269,'2018-01-12T14:00:00','2018-01-12T17:15:00',639,'MAD',0,517),(1420,255,155,'2018-01-17T06:30:00','2018-01-17T10:15:00',649,'MAD',0,2),(1421,255,50,'2018-01-17T07:20:00','2018-01-17T11:25:00',649,'MAD',0,498),(1422,255,219,'2018-01-19T16:40:00','2018-01-19T21:55:00',669,'MAD',0,721),(1423,255,261,'2018-01-11T13:15:00','2018-01-11T17:00:00',669,'MAD',0,549),(1424,255,86,'2018-01-19T07:05:00','2018-01-19T11:20:00',729,'MAD',0,292),(1425,255,213,'2018-01-14T10:25:00','2018-01-14T15:40:00',729,'MAD',0,761),(1426,256,124,'2018-01-11T06:20:00','2018-01-11T07:45:00',9.79,'EUR',0,376),(1427,256,160,'2018-01-12T06:15:00','2018-01-12T07:35:00',10.67,'EUR',0,421),(1428,256,87,'2018-01-12T21:55:00','2018-01-13T00:45:00',12.74,'EUR',0,53),(1429,256,109,'2018-01-11T13:50:00','2018-01-11T15:20:00',13.66,'EUR',0,646),(1430,256,246,'2018-01-11T09:00:00','2018-01-11T10:15:00',14.29,'EUR',0,395),(1431,256,139,'2018-01-11T07:10:00','2018-01-11T09:50:00',14.7,'EUR',0,342),(1432,256,178,'2018-01-18T14:05:00','2018-01-18T16:25:00',14.7,'EUR',0,947),(1433,256,140,'2018-01-16T20:15:00','2018-01-16T22:40:00',14.99,'EUR',0,658),(1434,256,175,'2018-01-17T06:35:00','2018-01-17T09:00:00',14.99,'EUR',0,597),(1435,256,127,'2018-01-16T14:55:00','2018-01-16T15:40:00',14.99,'EUR',0,668),(1436,256,172,'2018-01-17T19:50:00','2018-01-17T22:25:00',14.99,'EUR',0,66),(1437,256,184,'2018-01-17T11:00:00','2018-01-17T12:45:00',14.99,'EUR',0,861),(1438,256,136,'2018-01-15T06:55:00','2018-01-15T08:45:00',14.99,'EUR',0,838),(1439,256,221,'2018-01-11T06:40:00','2018-01-11T08:40:00',14.99,'EUR',0,504),(1440,256,154,'2018-01-11T07:00:00','2018-01-11T08:45:00',14.99,'EUR',0,751),(1441,256,166,'2018-01-15T14:05:00','2018-01-15T16:15:00',14.99,'EUR',0,175),(1442,258,136,'2018-01-11T15:30:00','2018-01-11T16:15:00',9.99,'GBP',0,35),(1443,258,145,'2018-01-18T11:40:00','2018-01-18T12:40:00',20.99,'GBP',0,973),(1444,259,155,'2018-01-13T11:05:00','2018-01-13T12:35:00',12.99,'EUR',0,374),(1445,260,214,'2018-01-15T16:55:00','2018-01-15T18:15:00',9.99,'EUR',0,445),(1446,260,188,'2018-01-12T14:10:00','2018-01-12T15:40:00',9.99,'EUR',0,413),(1447,260,175,'2018-01-17T16:45:00','2018-01-17T18:35:00',14.99,'EUR',0,98),(1448,260,61,'2018-01-14T07:45:00','2018-01-14T12:30:00',19.99,'EUR',0,124),(1449,260,122,'2018-01-15T12:15:00','2018-01-15T13:40:00',25.99,'EUR',0,220),(1450,260,181,'2018-01-20T11:10:00','2018-01-20T12:45:00',28.99,'EUR',0,996),(1451,260,63,'2018-01-15T18:20:00','2018-01-15T19:55:00',32.99,'EUR',0,269),(1452,260,173,'2018-01-18T21:40:00','2018-01-18T23:20:00',32.99,'EUR',0,189),(1453,260,113,'2018-01-15T14:40:00','2018-01-15T17:00:00',33.99,'EUR',0,379),(1454,260,155,'2018-01-18T10:50:00','2018-01-18T12:15:00',35.99,'EUR',0,575),(1455,260,178,'2018-01-15T12:25:00','2018-01-15T13:55:00',36.99,'EUR',0,951),(1456,260,107,'2018-01-18T17:25:00','2018-01-18T19:05:00',40.99,'EUR',0,44),(1457,260,52,'2018-01-18T21:45:00','2018-01-18T23:35:00',45.99,'EUR',0,290),(1458,260,256,'2018-01-15T10:35:00','2018-01-15T13:45:00',45.99,'EUR',0,129),(1459,260,268,'2018-01-18T13:30:00','2018-01-18T15:30:00',54.99,'EUR',0,883),(1460,260,161,'2018-01-13T18:30:00','2018-01-13T21:40:00',57.99,'EUR',0,966),(1461,261,255,'2018-01-14T17:30:00','2018-01-14T19:15:00',19.99,'EUR',0,962),(1462,261,175,'2018-01-15T16:05:00','2018-01-15T17:45:00',26.99,'EUR',0,955),(1463,261,220,'2018-01-15T12:25:00','2018-01-15T13:25:00',26.99,'EUR',0,293),(1464,261,127,'2018-01-15T10:35:00','2018-01-15T11:55:00',49.99,'EUR',0,303),(1465,262,220,'2018-01-12T21:35:00','2018-01-12T22:45:00',119,'PLN',0,749),(1466,262,155,'2018-01-18T10:15:00','2018-01-18T11:25:00',119,'PLN',0,564),(1467,262,181,'2018-01-16T10:55:00','2018-01-16T12:20:00',149,'PLN',0,757),(1468,262,268,'2018-01-18T20:25:00','2018-01-18T22:05:00',259,'PLN',0,456),(1469,263,75,'2018-01-14T21:25:00','2018-01-14T22:55:00',14.67,'EUR',0,497),(1470,263,267,'2018-01-11T16:15:00','2018-01-11T17:50:00',14.67,'EUR',0,732),(1471,263,256,'2018-01-11T21:30:00','2018-01-11T23:50:00',14.7,'EUR',0,215),(1472,263,155,'2018-01-17T10:05:00','2018-01-17T11:15:00',26.99,'EUR',0,45),(1473,263,196,'2018-01-12T09:45:00','2018-01-12T12:30:00',29.99,'EUR',0,710),(1474,263,181,'2018-01-16T20:50:00','2018-01-16T22:05:00',33.99,'EUR',0,974),(1475,264,170,'2018-01-13T18:55:00','2018-01-13T20:05:00',12.99,'EUR',0,314),(1476,264,128,'2018-01-19T12:00:00','2018-01-19T15:25:00',21.99,'EUR',0,197),(1477,264,189,'2018-01-13T20:40:00','2018-01-13T23:35:00',35.99,'EUR',0,183),(1478,264,129,'2018-01-14T21:00:00','2018-01-15T00:10:00',35.99,'EUR',0,108),(1479,264,227,'2018-01-12T13:20:00','2018-01-12T16:25:00',35.99,'EUR',0,660),(1480,264,45,'2018-01-13T16:05:00','2018-01-13T18:45:00',50.99,'EUR',0,467),(1481,264,100,'2018-01-18T14:00:00','2018-01-18T17:25:00',69.99,'EUR',0,797),(1482,264,178,'2018-01-12T12:15:00','2018-01-12T15:15:00',148.99,'EUR',0,484),(1483,265,236,'2018-01-15T12:15:00','2018-01-15T13:50:00',9.77,'EUR',0,827),(1484,265,220,'2018-01-13T16:40:00','2018-01-13T17:40:00',26.99,'EUR',0,458),(1485,267,178,'2018-01-18T21:50:00','2018-01-18T23:35:00',14.67,'EUR',0,632),(1486,267,116,'2018-01-16T20:55:00','2018-01-16T22:45:00',14.67,'EUR',0,959),(1487,267,205,'2018-01-16T20:30:00','2018-01-16T21:55:00',14.67,'EUR',0,928),(1488,267,45,'2018-01-16T19:15:00','2018-01-16T20:30:00',14.67,'EUR',0,809),(1489,267,133,'2018-01-16T06:25:00','2018-01-16T08:05:00',14.67,'EUR',0,325),(1490,267,263,'2018-01-18T14:15:00','2018-01-18T15:50:00',14.67,'EUR',0,637),(1491,267,85,'2018-01-18T13:15:00','2018-01-18T15:25:00',14.7,'EUR',0,364),(1492,267,227,'2018-01-12T16:40:00','2018-01-12T19:05:00',14.7,'EUR',0,869),(1493,267,219,'2018-01-18T14:15:00','2018-01-18T16:20:00',27.99,'EUR',0,660),(1494,267,62,'2018-01-19T18:15:00','2018-01-19T20:05:00',28.99,'EUR',0,974),(1495,267,233,'2018-01-14T10:35:00','2018-01-14T12:35:00',28.99,'EUR',0,914),(1496,267,122,'2018-01-17T21:25:00','2018-01-17T23:00:00',29.69,'EUR',0,11),(1497,267,99,'2018-01-17T18:15:00','2018-01-17T19:55:00',29.69,'EUR',0,683),(1498,267,236,'2018-01-18T10:35:00','2018-01-18T13:15:00',40.99,'EUR',0,850),(1499,267,256,'2018-01-14T20:50:00','2018-01-14T23:35:00',42.99,'EUR',0,684),(1501,268,181,'2018-01-11T13:10:00','2018-01-11T14:20:00',9.99,'EUR',0,271),(1502,268,177,'2018-01-11T06:30:00','2018-01-11T07:40:00',9.99,'EUR',0,848),(1503,268,245,'2018-01-11T08:05:00','2018-01-11T09:10:00',9.99,'EUR',0,552),(1504,268,136,'2018-01-11T14:05:00','2018-01-11T15:10:00',9.99,'EUR',0,675),(1505,268,63,'2018-01-11T08:00:00','2018-01-11T09:05:00',9.99,'EUR',0,957),(1506,268,145,'2018-01-15T20:50:00','2018-01-15T21:45:00',9.99,'EUR',0,49),(1507,268,107,'2018-01-11T10:25:00','2018-01-11T11:25:00',9.99,'EUR',0,662),(1508,268,155,'2018-01-11T06:30:00','2018-01-11T07:55:00',12.99,'EUR',0,488),(1509,268,46,'2018-01-15T20:55:00','2018-01-15T22:05:00',12.99,'EUR',0,990),(1510,268,236,'2018-01-16T19:40:00','2018-01-16T22:15:00',14.7,'EUR',0,348),(1511,268,186,'2018-01-17T10:20:00','2018-01-17T13:30:00',14.99,'EUR',0,189),(1512,268,140,'2018-01-11T06:30:00','2018-01-11T09:20:00',14.99,'EUR',0,198),(1513,268,175,'2018-01-15T19:25:00','2018-01-15T22:05:00',14.99,'EUR',0,75),(1514,268,190,'2018-01-16T16:10:00','2018-01-16T19:05:00',14.99,'EUR',0,432),(1515,268,52,'2018-01-14T06:30:00','2018-01-14T07:45:00',14.99,'EUR',0,101),(1516,268,179,'2018-01-11T12:20:00','2018-01-11T15:00:00',14.99,'EUR',0,127),(1517,269,199,'2018-01-13T18:55:00','2018-01-13T20:15:00',10.99,'EUR',0,954),(1518,269,118,'2018-01-16T21:00:00','2018-01-16T22:30:00',10.99,'EUR',0,316),(1519,269,114,'2018-01-11T15:10:00','2018-01-11T16:25:00',10.99,'EUR',0,855),(1520,269,155,'2018-01-16T11:05:00','2018-01-16T12:00:00',12.99,'EUR',0,216),(1521,269,175,'2018-01-14T14:45:00','2018-01-14T16:35:00',26.99,'EUR',0,14),(1522,269,52,'2018-01-14T22:30:00','2018-01-14T23:50:00',27.99,'EUR',0,540),(1523,269,214,'2018-01-18T20:00:00','2018-01-18T22:35:00',29.99,'EUR',0,25),(1524,269,255,'2018-01-12T17:40:00','2018-01-12T19:00:00',32.99,'EUR',0,505),(1525,269,173,'2018-01-14T13:45:00','2018-01-14T16:00:00',48.99,'EUR',0,424),(1526,269,67,'2018-01-13T21:40:00','2018-01-13T23:45:00',59.64,'EUR',0,927),(1529,43,44,'2018-01-15T15:00:00','2018-01-15T17:30:00',150,'PLN',0,543),(1530,43,44,'2018-01-15T15:00:00','2018-01-15T17:30:00',151,'PLN',0,0),(1531,43,44,'2018-01-15T15:00:00','2018-01-15T17:30:00',151,'PLN',0,0),(1532,43,44,'2018-01-15T15:00:00','2018-01-15T17:30:00',150,'PLN',0,856),(1533,43,44,'2018-01-15T15:00:00','2018-01-15T17:30:00',150,'PLN',0,862),(1534,43,44,'2018-01-31T01:00:00','2018-01-31T01:00:00',59,'PLN',0,443),(1535,43,227,'2018-02-01T01:00:00','2018-02-02T01:00:00',111,'PLN',0,324);
/*!40000 ALTER TABLE `flights` ENABLE KEYS */;
UNLOCK TABLES;

--
-- Table structure for table `reservations`
--

DROP TABLE IF EXISTS `reservations`;
/*!40101 SET @saved_cs_client     = @@character_set_client */;
/*!40101 SET character_set_client = utf8 */;
CREATE TABLE `reservations` (
  `id` int(11) NOT NULL AUTO_INCREMENT,
  `flight_id` int(11) DEFAULT NULL,
  PRIMARY KEY (`id`),
  UNIQUE KEY `id_UNIQUE` (`id`)
) ENGINE=InnoDB AUTO_INCREMENT=3 DEFAULT CHARSET=utf8;
/*!40101 SET character_set_client = @saved_cs_client */;

--
-- Dumping data for table `reservations`
--

LOCK TABLES `reservations` WRITE;
/*!40000 ALTER TABLE `reservations` DISABLE KEYS */;
INSERT INTO `reservations` VALUES (1,1527),(2,1529);
/*!40000 ALTER TABLE `reservations` ENABLE KEYS */;
UNLOCK TABLES;

--
-- Table structure for table `users`
--

DROP TABLE IF EXISTS `users`;
/*!40101 SET @saved_cs_client     = @@character_set_client */;
/*!40101 SET character_set_client = utf8 */;
CREATE TABLE `users` (
  `id` int(11) NOT NULL,
  `username` varchar(45) NOT NULL,
  `hash` varchar(45) NOT NULL,
  `first_name` varchar(45) NOT NULL,
  `last_name` varchar(45) NOT NULL,
  `date_of_birth` varchar(45) DEFAULT NULL,
  PRIMARY KEY (`id`),
  UNIQUE KEY `username_UNIQUE` (`username`)
) ENGINE=InnoDB DEFAULT CHARSET=utf8;
/*!40101 SET character_set_client = @saved_cs_client */;

--
-- Dumping data for table `users`
--

LOCK TABLES `users` WRITE;
/*!40000 ALTER TABLE `users` DISABLE KEYS */;
/*!40000 ALTER TABLE `users` ENABLE KEYS */;
UNLOCK TABLES;
/*!40103 SET TIME_ZONE=@OLD_TIME_ZONE */;

/*!40101 SET SQL_MODE=@OLD_SQL_MODE */;
/*!40014 SET FOREIGN_KEY_CHECKS=@OLD_FOREIGN_KEY_CHECKS */;
/*!40014 SET UNIQUE_CHECKS=@OLD_UNIQUE_CHECKS */;
/*!40101 SET CHARACTER_SET_CLIENT=@OLD_CHARACTER_SET_CLIENT */;
/*!40101 SET CHARACTER_SET_RESULTS=@OLD_CHARACTER_SET_RESULTS */;
/*!40101 SET COLLATION_CONNECTION=@OLD_COLLATION_CONNECTION */;
/*!40111 SET SQL_NOTES=@OLD_SQL_NOTES */;

-- Dump completed on 2018-01-12 16:33:53
